site,treatment,islandSize,station,speciesCode,family,genus,specificEpithet,dispersalMode,successionalStage,seedLength,seedSum,seedlingSum,meanCanopyCover
BB,NR,NA,A,CEC_OBT,Urticaceae,Cecropia,obtusifolia,ZOO,Early,<5,17,0,75.60416667
BB,NR,NA,A,CEC_PEL,Urticaceae,Cecropia,peltata,ZOO,Both,<5,8,0,75.60416667
BB,NR,NA,A,CON_XAL,Melastomataceae,Conostegia,xalapensis,ZOO,Early,<5,11987,4,75.60416667
BB,NR,NA,A,CRO_DRA,Euphorbiaceae,Croton,draco,ZOO,Early,<5,1,0,75.60416667
BB,NR,NA,A,HAM_APP,Malvaceae,Hampea,appendiculata,ZOO,Early,<5,1,0,75.60416667
BB,NR,NA,A,HEL_APP,Malvaceae,Heliocarpus,appendiculatus,WIND,Early,<5,237,1,75.60416667
BB,NR,NA,A,KOA_PIT,Asteraceae,Koanophyllon,pittieri,WIND,Early,<5,53,0,75.60416667
BB,NR,NA,A,LIP_MYR,Verbenaceae,Lippia,myriocephala,WIND,Early,<5,124,0,75.60416667
BB,NR,NA,A,MIC_TRI,Melastomataceae,Miconia,trinervia,ZOO,Early,<5,14,2,75.60416667
BB,NR,NA,A,MYR_COR,Primulaceae,Myrsine,coriacea,ZOO,Early,<5,1,0,75.60416667
BB,NR,NA,A,PSI_GUA,Myrtaceae,Psidium,guajava,ZOO,Early,<5,1,0,75.60416667
BB,NR,NA,A,VIB_COS,Adoxaceae,Viburnum,costaricanum,ZOO,Both,<5,2,10,75.60416667
BB,NR,NA,A,VIS_BAC,Hypericaceae,Vismia,baccifera,ZOO,Early,<5,18,1,75.60416667
BB,NR,NA,B,CEC_OBT,Urticaceae,Cecropia,obtusifolia,ZOO,Early,<5,22,0,87.91666667
BB,NR,NA,B,CEC_PEL,Urticaceae,Cecropia,peltata,ZOO,Both,<5,2,0,87.91666667
BB,NR,NA,B,CON_XAL,Melastomataceae,Conostegia,xalapensis,ZOO,Early,<5,10905,0,87.91666667
BB,NR,NA,B,COR_ERI,Boraginaceae,Cordia,eriostigma,ZOO,Late,>5,1,0,87.91666667
BB,NR,NA,B,FIC_AME,Moraceae,Ficus,americana,ZOO,Both,<5,25,0,87.91666667
BB,NR,NA,B,HEL_APP,Malvaceae,Heliocarpus,appendiculatus,WIND,Early,<5,951,0,87.91666667
BB,NR,NA,B,KOA_PIT,Asteraceae,Koanophyllon,pittieri,WIND,Early,<5,12,0,87.91666667
BB,NR,NA,B,LIP_MYR,Verbenaceae,Lippia,myriocephala,WIND,Early,<5,234,0,87.91666667
BB,NR,NA,B,MYR_COR,Primulaceae,Myrsine,coriacea,ZOO,Early,<5,3,1,87.91666667
BB,NR,NA,B,PAL_PAD,Rubiaceae,Palicourea,padifolia,ZOO,Both,<5,2,2,87.91666667
BB,NR,NA,B,PSI_GUA,Myrtaceae,Psidium,guajava,ZOO,Early,<5,4,0,87.91666667
BB,NR,NA,B,STA_OCC,Staphyleaceae,Staphylea,occidentalis,ZOO,Early,>5,2,0,87.91666667
BB,NR,NA,B,VIB_COS,Adoxaceae,Viburnum,costaricanum,ZOO,Both,<5,2,2,87.91666667
BB,NR,NA,B,VIS_BAC,Hypericaceae,Vismia,baccifera,ZOO,Early,<5,4,0,87.91666667
BB,NR,NA,C,CEC_OBT,Urticaceae,Cecropia,obtusifolia,ZOO,Early,<5,11,0,88.58333333
BB,NR,NA,C,CEC_PEL,Urticaceae,Cecropia,peltata,ZOO,Both,<5,1,0,88.58333333
BB,NR,NA,C,CON_XAL,Melastomataceae,Conostegia,xalapensis,ZOO,Early,<5,29173,0,88.58333333
BB,NR,NA,C,COR_ERI,Boraginaceae,Cordia,eriostigma,ZOO,Late,>5,1,0,88.58333333
BB,NR,NA,C,FIC_AME,Moraceae,Ficus,americana,ZOO,Both,<5,31,0,88.58333333
BB,NR,NA,C,FIC_COL,Moraceae,Ficus,colubrinae,ZOO,Both,<5,32,0,88.58333333
BB,NR,NA,C,HEL_APP,Malvaceae,Heliocarpus,appendiculatus,WIND,Early,<5,804,0,88.58333333
BB,NR,NA,C,LIP_MYR,Verbenaceae,Lippia,myriocephala,WIND,Early,<5,193,0,88.58333333
BB,NR,NA,C,MIC_TRI,Melastomataceae,Miconia,trinervia,ZOO,Early,<5,110,0,88.58333333
BB,NR,NA,C,MYR_COR,Primulaceae,Myrsine,coriacea,ZOO,Early,<5,4,0,88.58333333
BB,NR,NA,C,PAL_PAD,Rubiaceae,Palicourea,padifolia,ZOO,Both,<5,5,4,88.58333333
BB,NR,NA,C,PSI_GUA,Myrtaceae,Psidium,guajava,ZOO,Early,<5,35,0,88.58333333
BB,NR,NA,C,SEN_PAP,Fabaceae,Senna,papillosa,ZOO,Early,<5,2,0,88.58333333
BB,NR,NA,C,STA_OCC,Staphyleaceae,Staphylea,occidentalis,ZOO,Early,>5,1,0,88.58333333
BB,NR,NA,C,VIB_COS,Adoxaceae,Viburnum,costaricanum,ZOO,Both,<5,4,18,88.58333333
BB,NR,NA,C,VIS_BAC,Hypericaceae,Vismia,baccifera,ZOO,Early,<5,6,2,88.58333333
BB,NR,NA,D,CEC_OBT,Urticaceae,Cecropia,obtusifolia,ZOO,Early,<5,68,0,84.4375
BB,NR,NA,D,CEC_PEL,Urticaceae,Cecropia,peltata,ZOO,Both,<5,12,0,84.4375
BB,NR,NA,D,CON_XAL,Melastomataceae,Conostegia,xalapensis,ZOO,Early,<5,8268,0,84.4375
BB,NR,NA,D,COR_ERI,Boraginaceae,Cordia,eriostigma,ZOO,Late,>5,1,0,84.4375
BB,NR,NA,D,CRO_DRA,Euphorbiaceae,Croton,draco,ZOO,Early,<5,20,0,84.4375
BB,NR,NA,D,FIC_HAR,Moraceae,Ficus,hartwegii,ZOO,Both,<5,2,0,84.4375
BB,NR,NA,D,FRA_PEN,Rhamnaceae,Frangula,pendula,ZOO,Early,<5,13,0,84.4375
BB,NR,NA,D,HEL_APP,Malvaceae,Heliocarpus,appendiculatus,WIND,Early,<5,754,0,84.4375
BB,NR,NA,D,KOA_PIT,Asteraceae,Koanophyllon,pittieri,WIND,Early,<5,19,0,84.4375
BB,NR,NA,D,LIP_MYR,Verbenaceae,Lippia,myriocephala,WIND,Early,<5,664,0,84.4375
BB,NR,NA,D,MIC_TRI,Melastomataceae,Miconia,trinervia,ZOO,Early,<5,20,0,84.4375
BB,NR,NA,D,MYR_COR,Primulaceae,Myrsine,coriacea,ZOO,Early,<5,1,0,84.4375
BB,NR,NA,D,PAL_PAD,Rubiaceae,Palicourea,padifolia,ZOO,Both,<5,9,2,84.4375
BB,NR,NA,D,PSI_GUA,Myrtaceae,Psidium,guajava,ZOO,Early,<5,14,1,84.4375
BB,NR,NA,D,STA_OCC,Staphyleaceae,Staphylea,occidentalis,ZOO,Early,>5,2,0,84.4375
BB,NR,NA,D,VIB_COS,Adoxaceae,Viburnum,costaricanum,ZOO,Both,<5,1,2,84.4375
BB,NR,NA,D,VIS_BAC,Hypericaceae,Vismia,baccifera,ZOO,Early,<5,6,2,84.4375
BB,AN,L,A,ALC_LAT,Euphorbiaceae,Alchornea,latifolia,ZOO,Early,<5,5,0,93.72222222
BB,AN,L,A,ALL_PSI,Sapindaceae,Allophylus,psilospermus,ZOO,Late,>5,2,0,93.72222222
BB,AN,L,A,CEC_OBT,Urticaceae,Cecropia,obtusifolia,ZOO,Early,<5,309,1,93.72222222
BB,AN,L,A,CEC_PEL,Urticaceae,Cecropia,peltata,ZOO,Both,<5,171,0,93.72222222
BB,AN,L,A,CON_XAL,Melastomataceae,Conostegia,xalapensis,ZOO,Early,<5,490,0,93.72222222
BB,AN,L,A,COR_ERI,Boraginaceae,Cordia,eriostigma,ZOO,Late,>5,2,0,93.72222222
BB,AN,L,A,HEL_APP,Malvaceae,Heliocarpus,appendiculatus,WIND,Early,<5,332,0,93.72222222
BB,AN,L,A,ING_EDU,Fabaceae,Inga,edulis,ZOO,Late,>5,3,0,93.72222222
BB,AN,L,A,KOA_PIT,Asteraceae,Koanophyllon,pittieri,WIND,Early,<5,21,0,93.72222222
BB,AN,L,A,LIP_MYR,Verbenaceae,Lippia,myriocephala,WIND,Early,<5,269,0,93.72222222
BB,AN,L,A,MIC_TRI,Melastomataceae,Miconia,trinervia,ZOO,Early,<5,1,0,93.72222222
BB,AN,L,A,PAL_PAD,Rubiaceae,Palicourea,padifolia,ZOO,Both,<5,2,8,93.72222222
BB,AN,L,A,PSI_GUA,Myrtaceae,Psidium,guajava,ZOO,Early,<5,169,0,93.72222222
BB,AN,L,A,TER_AMA,Combretaceae,Terminalia,amazonia,WIND,Late,<5,1,0,93.72222222
BB,AN,L,A,VIB_COS,Adoxaceae,Viburnum,costaricanum,ZOO,Both,<5,5,8,93.72222222
BB,AN,L,A,VIS_BAC,Hypericaceae,Vismia,baccifera,ZOO,Early,<5,11,0,93.72222222
BB,AN,L,B,ALC_LAT,Euphorbiaceae,Alchornea,latifolia,ZOO,Early,<5,2,0,93.125
BB,AN,L,B,CEC_OBT,Urticaceae,Cecropia,obtusifolia,ZOO,Early,<5,1184,0,93.125
BB,AN,L,B,CEC_PEL,Urticaceae,Cecropia,peltata,ZOO,Both,<5,33,0,93.125
BB,AN,L,B,CON_XAL,Melastomataceae,Conostegia,xalapensis,ZOO,Early,<5,547,1,93.125
BB,AN,L,B,CRO_DRA,Euphorbiaceae,Croton,draco,ZOO,Early,<5,11,0,93.125
BB,AN,L,B,FIC_AME,Moraceae,Ficus,americana,ZOO,Both,<5,7,0,93.125
BB,AN,L,B,GUA_DOL,Annonaceae,Guatteria,dolichopoda,ZOO,Late,<5,5,0,93.125
BB,AN,L,B,HAM_APP,Malvaceae,Hampea,appendiculata,ZOO,Early,<5,1,0,93.125
BB,AN,L,B,HEL_APP,Malvaceae,Heliocarpus,appendiculatus,WIND,Early,<5,837,0,93.125
BB,AN,L,B,ING_EDU,Fabaceae,Inga,edulis,ZOO,Late,>5,1,0,93.125
BB,AN,L,B,KOA_PIT,Asteraceae,Koanophyllon,pittieri,WIND,Early,<5,7,0,93.125
BB,AN,L,B,LIP_MYR,Verbenaceae,Lippia,myriocephala,WIND,Early,<5,229,0,93.125
BB,AN,L,B,MIC_TRI,Melastomataceae,Miconia,trinervia,ZOO,Early,<5,14,0,93.125
BB,AN,L,B,MYR_COR,Primulaceae,Myrsine,coriacea,ZOO,Early,<5,1,0,93.125
BB,AN,L,B,PAL_PAD,Rubiaceae,Palicourea,padifolia,ZOO,Both,<5,1,3,93.125
BB,AN,L,B,PSI_GUA,Myrtaceae,Psidium,guajava,ZOO,Early,<5,9,0,93.125
BB,AN,L,B,SEN_PAP,Fabaceae,Senna,papillosa,ZOO,Early,<5,1,0,93.125
BB,AN,L,B,VIB_COS,Adoxaceae,Viburnum,costaricanum,ZOO,Both,<5,5,6,93.125
BB,AN,L,B,VIS_BAC,Hypericaceae,Vismia,baccifera,ZOO,Early,<5,27,0,93.125
BB,AN,M,C,ALC_LAT,Euphorbiaceae,Alchornea,latifolia,ZOO,Early,<5,4,0,94.76785714
BB,AN,M,C,CEC_OBT,Urticaceae,Cecropia,obtusifolia,ZOO,Early,<5,113,0,94.76785714
BB,AN,M,C,CEC_PEL,Urticaceae,Cecropia,peltata,ZOO,Both,<5,25,0,94.76785714
BB,AN,M,C,CON_XAL,Melastomataceae,Conostegia,xalapensis,ZOO,Early,<5,1903,3,94.76785714
BB,AN,M,C,COR_ERI,Boraginaceae,Cordia,eriostigma,ZOO,Late,>5,1,0,94.76785714
BB,AN,M,C,CRO_DRA,Euphorbiaceae,Croton,draco,ZOO,Early,<5,67,1,94.76785714
BB,AN,M,C,ERY_POE,Fabaceae,Erythrina,poeppigiana,WIND,NA,>5,2,0,94.76785714
BB,AN,M,C,FRA_PEN,Rhamnaceae,Frangula,pendula,ZOO,Early,<5,2,0,94.76785714
BB,AN,M,C,HEL_APP,Malvaceae,Heliocarpus,appendiculatus,WIND,Early,<5,533,0,94.76785714
BB,AN,M,C,KOA_PIT,Asteraceae,Koanophyllon,pittieri,WIND,Early,<5,16,0,94.76785714
BB,AN,M,C,LIP_MYR,Verbenaceae,Lippia,myriocephala,WIND,Early,<5,1678,0,94.76785714
BB,AN,M,C,MIC_TRI,Melastomataceae,Miconia,trinervia,ZOO,Early,<5,5,2,94.76785714
BB,AN,M,C,PAL_PAD,Rubiaceae,Palicourea,padifolia,ZOO,Both,<5,2,1,94.76785714
BB,AN,M,C,PSI_GUA,Myrtaceae,Psidium,guajava,ZOO,Early,<5,8,0,94.76785714
BB,AN,M,C,STA_OCC,Staphyleaceae,Staphylea,occidentalis,ZOO,Early,>5,2,0,94.76785714
BB,AN,M,C,TER_AMA,Combretaceae,Terminalia,amazonia,WIND,Late,<5,1,0,94.76785714
BB,AN,M,C,VIB_COS,Adoxaceae,Viburnum,costaricanum,ZOO,Both,<5,5,2,94.76785714
BB,AN,M,C,VIS_BAC,Hypericaceae,Vismia,baccifera,ZOO,Early,<5,15,0,94.76785714
BB,AN,M,D,ALC_LAT,Euphorbiaceae,Alchornea,latifolia,ZOO,Early,<5,1,0,91.28333333
BB,AN,M,D,CEC_OBT,Urticaceae,Cecropia,obtusifolia,ZOO,Early,<5,2515,0,91.28333333
BB,AN,M,D,CEC_PEL,Urticaceae,Cecropia,peltata,ZOO,Both,<5,29,0,91.28333333
BB,AN,M,D,CON_XAL,Melastomataceae,Conostegia,xalapensis,ZOO,Early,<5,2048,5,91.28333333
BB,AN,M,D,CRO_DRA,Euphorbiaceae,Croton,draco,ZOO,Early,<5,30,0,91.28333333
BB,AN,M,D,DEN_SES,Araliaceae,Dendropanax,sessiliflorus,ZOO,Both,<5,1,0,91.28333333
BB,AN,M,D,ERY_POE,Fabaceae,Erythrina,poeppigiana,WIND,NA,>5,4,0,91.28333333
BB,AN,M,D,HEL_APP,Malvaceae,Heliocarpus,appendiculatus,WIND,Early,<5,180,0,91.28333333
BB,AN,M,D,KOA_PIT,Asteraceae,Koanophyllon,pittieri,WIND,Early,<5,3,0,91.28333333
BB,AN,M,D,LIP_MYR,Verbenaceae,Lippia,myriocephala,WIND,Early,<5,219,0,91.28333333
BB,AN,M,D,MIC_SCH,Melastomataceae,Miconia,schlimii,ZOO,Early,<5,30,0,91.28333333
BB,AN,M,D,MIC_TRI,Melastomataceae,Miconia,trinervia,ZOO,Early,<5,104,2,91.28333333
BB,AN,M,D,PAL_PAD,Rubiaceae,Palicourea,padifolia,ZOO,Both,<5,11,4,91.28333333
BB,AN,M,D,PSI_GUA,Myrtaceae,Psidium,guajava,ZOO,Early,<5,37,0,91.28333333
BB,AN,M,D,SEN_PAP,Fabaceae,Senna,papillosa,ZOO,Early,<5,2,2,91.28333333
BB,AN,M,D,VIB_COS,Adoxaceae,Viburnum,costaricanum,ZOO,Both,<5,1,5,91.28333333
BB,AN,M,D,VIS_BAC,Hypericaceae,Vismia,baccifera,ZOO,Early,<5,55,0,91.28333333
BB,P,NA,A,CEC_OBT,Urticaceae,Cecropia,obtusifolia,ZOO,Early,<5,109,1,91.39583333
BB,P,NA,A,CEC_PEL,Urticaceae,Cecropia,peltata,ZOO,Both,<5,6,0,91.39583333
BB,P,NA,A,CON_XAL,Melastomataceae,Conostegia,xalapensis,ZOO,Early,<5,71,0,91.39583333
BB,P,NA,A,ERY_POE,Fabaceae,Erythrina,poeppigiana,WIND,NA,>5,2,0,91.39583333
BB,P,NA,A,HEL_APP,Malvaceae,Heliocarpus,appendiculatus,WIND,Early,<5,19,0,91.39583333
BB,P,NA,A,LIP_MYR,Verbenaceae,Lippia,myriocephala,WIND,Early,<5,16,0,91.39583333
BB,P,NA,A,MIC_TRI,Melastomataceae,Miconia,trinervia,ZOO,Early,<5,6,0,91.39583333
BB,P,NA,A,PSI_GUA,Myrtaceae,Psidium,guajava,ZOO,Early,<5,3,0,91.39583333
BB,P,NA,A,SEN_PAP,Fabaceae,Senna,papillosa,ZOO,Early,<5,2,0,91.39583333
BB,P,NA,A,VIB_COS,Adoxaceae,Viburnum,costaricanum,ZOO,Both,<5,1,2,91.39583333
BB,P,NA,A,VIS_BAC,Hypericaceae,Vismia,baccifera,ZOO,Early,<5,31,0,91.39583333
BB,P,NA,B,CEC_OBT,Urticaceae,Cecropia,obtusifolia,ZOO,Early,<5,56,0,94.02083333
BB,P,NA,B,CEC_PEL,Urticaceae,Cecropia,peltata,ZOO,Both,<5,6,0,94.02083333
BB,P,NA,B,CON_XAL,Melastomataceae,Conostegia,xalapensis,ZOO,Early,<5,105,1,94.02083333
BB,P,NA,B,COR_ERI,Boraginaceae,Cordia,eriostigma,ZOO,Late,>5,5,0,94.02083333
BB,P,NA,B,CRO_DRA,Euphorbiaceae,Croton,draco,ZOO,Early,<5,1,0,94.02083333
BB,P,NA,B,DEN_SES,Araliaceae,Dendropanax,sessiliflorus,ZOO,Both,<5,1,0,94.02083333
BB,P,NA,B,ERY_POE,Fabaceae,Erythrina,poeppigiana,WIND,NA,>5,5,0,94.02083333
BB,P,NA,B,FIC_COL,Moraceae,Ficus,colubrinae,ZOO,Both,<5,2,0,94.02083333
BB,P,NA,B,HEL_APP,Malvaceae,Heliocarpus,appendiculatus,WIND,Early,<5,98,0,94.02083333
BB,P,NA,B,LIP_MYR,Verbenaceae,Lippia,myriocephala,WIND,Early,<5,84,0,94.02083333
BB,P,NA,B,MIC_TRI,Melastomataceae,Miconia,trinervia,ZOO,Early,<5,1,0,94.02083333
BB,P,NA,B,MYR_COR,Primulaceae,Myrsine,coriacea,ZOO,Early,<5,1,0,94.02083333
BB,P,NA,B,PSI_GUA,Myrtaceae,Psidium,guajava,ZOO,Early,<5,1,0,94.02083333
BB,P,NA,B,SEN_PAP,Fabaceae,Senna,papillosa,ZOO,Early,<5,1,0,94.02083333
BB,P,NA,B,STA_OCC,Staphyleaceae,Staphylea,occidentalis,ZOO,Early,>5,1,0,94.02083333
BB,P,NA,B,VIS_BAC,Hypericaceae,Vismia,baccifera,ZOO,Early,<5,7,0,94.02083333
BB,P,NA,C,CEC_OBT,Urticaceae,Cecropia,obtusifolia,ZOO,Early,<5,26,0,91.375
BB,P,NA,C,CEC_PEL,Urticaceae,Cecropia,peltata,ZOO,Both,<5,1,0,91.375
BB,P,NA,C,CON_XAL,Melastomataceae,Conostegia,xalapensis,ZOO,Early,<5,24,0,91.375
BB,P,NA,C,CRO_DRA,Euphorbiaceae,Croton,draco,ZOO,Early,<5,1,0,91.375
BB,P,NA,C,ERY_POE,Fabaceae,Erythrina,poeppigiana,WIND,NA,>5,9,1,91.375
BB,P,NA,C,FIC_AME,Moraceae,Ficus,americana,ZOO,Both,<5,16,0,91.375
BB,P,NA,C,HEL_APP,Malvaceae,Heliocarpus,appendiculatus,WIND,Early,<5,66,0,91.375
BB,P,NA,C,LIP_MYR,Verbenaceae,Lippia,myriocephala,WIND,Early,<5,32,0,91.375
BB,P,NA,C,MIC_TRI,Melastomataceae,Miconia,trinervia,ZOO,Early,<5,3,1,91.375
BB,P,NA,C,PSI_GUA,Myrtaceae,Psidium,guajava,ZOO,Early,<5,13,0,91.375
BB,P,NA,C,VIS_BAC,Hypericaceae,Vismia,baccifera,ZOO,Early,<5,15,1,91.375
BB,P,NA,D,ALC_LAT,Euphorbiaceae,Alchornea,latifolia,ZOO,Early,<5,2,0,91.22916667
BB,P,NA,D,CEC_OBT,Urticaceae,Cecropia,obtusifolia,ZOO,Early,<5,79,0,91.22916667
BB,P,NA,D,CEC_PEL,Urticaceae,Cecropia,peltata,ZOO,Both,<5,77,0,91.22916667
BB,P,NA,D,CON_XAL,Melastomataceae,Conostegia,xalapensis,ZOO,Early,<5,248,0,91.22916667
BB,P,NA,D,COR_ERI,Boraginaceae,Cordia,eriostigma,ZOO,Late,>5,6,2,91.22916667
BB,P,NA,D,CRO_DRA,Euphorbiaceae,Croton,draco,ZOO,Early,<5,1,0,91.22916667
BB,P,NA,D,DEN_SES,Araliaceae,Dendropanax,sessiliflorus,ZOO,Both,<5,7,0,91.22916667
BB,P,NA,D,ERY_POE,Fabaceae,Erythrina,poeppigiana,WIND,NA,>5,2,1,91.22916667
BB,P,NA,D,FIC_COL,Moraceae,Ficus,colubrinae,ZOO,Both,<5,76,0,91.22916667
BB,P,NA,D,HAM_APP,Malvaceae,Hampea,appendiculata,ZOO,Early,<5,5,0,91.22916667
BB,P,NA,D,HEL_APP,Malvaceae,Heliocarpus,appendiculatus,WIND,Early,<5,41,0,91.22916667
BB,P,NA,D,KOA_PIT,Asteraceae,Koanophyllon,pittieri,WIND,Early,<5,10,0,91.22916667
BB,P,NA,D,LIP_MYR,Verbenaceae,Lippia,myriocephala,WIND,Early,<5,377,0,91.22916667
BB,P,NA,D,MIC_TRI,Melastomataceae,Miconia,trinervia,ZOO,Early,<5,27,0,91.22916667
BB,P,NA,D,MYR_COR,Primulaceae,Myrsine,coriacea,ZOO,Early,<5,2,0,91.22916667
BB,P,NA,D,PAL_PAD,Rubiaceae,Palicourea,padifolia,ZOO,Both,<5,7,4,91.22916667
BB,P,NA,D,PSI_GUA,Myrtaceae,Psidium,guajava,ZOO,Early,<5,2,0,91.22916667
BB,P,NA,D,SEN_PAP,Fabaceae,Senna,papillosa,ZOO,Early,<5,3,0,91.22916667
BB,P,NA,D,VIB_COS,Adoxaceae,Viburnum,costaricanum,ZOO,Both,<5,2,1,91.22916667
BB,P,NA,D,VIS_BAC,Hypericaceae,Vismia,baccifera,ZOO,Early,<5,623,0,91.22916667
EC,NR,NA,A,CAR_CAU,Caricaceae,Carica,cauliflora,ZOO,Early,<5,1,0,16.1875
EC,NR,NA,A,CEC_OBT,Urticaceae,Cecropia,obtusifolia,ZOO,Early,<5,42,0,16.1875
EC,NR,NA,A,FRA_PEN,Rhamnaceae,Frangula,pendula,ZOO,Early,<5,1,0,16.1875
EC,NR,NA,A,HEL_APP,Malvaceae,Heliocarpus,appendiculatus,WIND,Early,<5,1567,0,16.1875
EC,NR,NA,A,KOA_PIT,Asteraceae,Koanophyllon,pittieri,WIND,Early,<5,61,0,16.1875
EC,NR,NA,A,LIP_MYR,Verbenaceae,Lippia,myriocephala,WIND,Early,<5,544,0,16.1875
EC,NR,NA,A,MYR_COR,Primulaceae,Myrsine,coriacea,ZOO,Early,<5,4,0,16.1875
EC,NR,NA,B,CEC_OBT,Urticaceae,Cecropia,obtusifolia,ZOO,Early,<5,8,0,3.791666667
EC,NR,NA,B,CEC_PEL,Urticaceae,Cecropia,peltata,ZOO,Both,<5,1,0,3.791666667
EC,NR,NA,B,FRA_PEN,Rhamnaceae,Frangula,pendula,ZOO,Early,<5,1,0,3.791666667
EC,NR,NA,B,HEL_APP,Malvaceae,Heliocarpus,appendiculatus,WIND,Early,<5,602,0,3.791666667
EC,NR,NA,B,KOA_PIT,Asteraceae,Koanophyllon,pittieri,WIND,Early,<5,45,0,3.791666667
EC,NR,NA,B,LIP_MYR,Verbenaceae,Lippia,myriocephala,WIND,Early,<5,754,0,3.791666667
EC,NR,NA,B,PAL_PAD,Rubiaceae,Palicourea,padifolia,ZOO,Both,<5,1,0,3.791666667
EC,NR,NA,B,VER_TAP,Asteraceae,Verbesina,tapantiana,WIND,Early,<5,2,0,3.791666667
EC,NR,NA,C,CEC_OBT,Urticaceae,Cecropia,obtusifolia,ZOO,Early,<5,160,0,90.1875
EC,NR,NA,C,CON_XAL,Melastomataceae,Conostegia,xalapensis,ZOO,Early,<5,6,0,90.1875
EC,NR,NA,C,COR_ERI,Boraginaceae,Cordia,eriostigma,ZOO,Late,>5,1,0,90.1875
EC,NR,NA,C,DEN_SES,Araliaceae,Dendropanax,sessiliflorus,ZOO,Both,<5,14,0,90.1875
EC,NR,NA,C,FRA_PEN,Rhamnaceae,Frangula,pendula,ZOO,Early,<5,27,2,90.1875
EC,NR,NA,C,GUA_DOL,Annonaceae,Guatteria,dolichopoda,ZOO,Late,<5,1,0,90.1875
EC,NR,NA,C,HEL_APP,Malvaceae,Heliocarpus,appendiculatus,WIND,Early,<5,829,0,90.1875
EC,NR,NA,C,KOA_PIT,Asteraceae,Koanophyllon,pittieri,WIND,Early,<5,32,0,90.1875
EC,NR,NA,C,LIP_MYR,Verbenaceae,Lippia,myriocephala,WIND,Early,<5,385,0,90.1875
EC,NR,NA,C,MIC_TRI,Melastomataceae,Miconia,trinervia,ZOO,Early,<5,24,0,90.1875
EC,NR,NA,C,MYR_COR,Primulaceae,Myrsine,coriacea,ZOO,Early,<5,93,1,90.1875
EC,NR,NA,C,PAL_PAD,Rubiaceae,Palicourea,padifolia,ZOO,Both,<5,18,4,90.1875
EC,NR,NA,C,PSI_GUA,Myrtaceae,Psidium,guajava,ZOO,Early,<5,1,0,90.1875
EC,NR,NA,C,STA_OCC,Staphyleaceae,Staphylea,occidentalis,ZOO,Early,>5,2,0,90.1875
EC,NR,NA,C,TER_AMA,Combretaceae,Terminalia,amazonia,WIND,Late,<5,2,0,90.1875
EC,NR,NA,C,VER_TAP,Asteraceae,Verbesina,tapantiana,WIND,Early,<5,1,0,90.1875
EC,NR,NA,C,VIB_COS,Adoxaceae,Viburnum,costaricanum,ZOO,Both,<5,1,0,90.1875
EC,NR,NA,D,CAR_CAU,Caricaceae,Carica,cauliflora,ZOO,Early,<5,1,0,0.958333333
EC,NR,NA,D,CEC_OBT,Urticaceae,Cecropia,obtusifolia,ZOO,Early,<5,31,0,0.958333333
EC,NR,NA,D,CEC_PEL,Urticaceae,Cecropia,peltata,ZOO,Both,<5,5,0,0.958333333
EC,NR,NA,D,FRA_PEN,Rhamnaceae,Frangula,pendula,ZOO,Early,<5,11,0,0.958333333
EC,NR,NA,D,HEL_APP,Malvaceae,Heliocarpus,appendiculatus,WIND,Early,<5,590,0,0.958333333
EC,NR,NA,D,KOA_PIT,Asteraceae,Koanophyllon,pittieri,WIND,Early,<5,23,0,0.958333333
EC,NR,NA,D,LIP_MYR,Verbenaceae,Lippia,myriocephala,WIND,Early,<5,467,0,0.958333333
EC,NR,NA,D,MIC_TRI,Melastomataceae,Miconia,trinervia,ZOO,Early,<5,1,0,0.958333333
EC,NR,NA,D,MYR_COR,Primulaceae,Myrsine,coriacea,ZOO,Early,<5,50,0,0.958333333
EC,NR,NA,D,PAL_PAD,Rubiaceae,Palicourea,padifolia,ZOO,Both,<5,2,1,0.958333333
EC,NR,NA,D,TER_AMA,Combretaceae,Terminalia,amazonia,WIND,Late,<5,2,0,0.958333333
EC,AN,L,A,CEC_OBT,Urticaceae,Cecropia,obtusifolia,ZOO,Early,<5,152,0,75.20833333
EC,AN,L,A,CEC_PEL,Urticaceae,Cecropia,peltata,ZOO,Both,<5,5,0,75.20833333
EC,AN,L,A,CON_XAL,Melastomataceae,Conostegia,xalapensis,ZOO,Early,<5,33,0,75.20833333
EC,AN,L,A,ERY_POE,Fabaceae,Erythrina,poeppigiana,WIND,NA,>5,7,0,75.20833333
EC,AN,L,A,FRA_PEN,Rhamnaceae,Frangula,pendula,ZOO,Early,<5,4,4,75.20833333
EC,AN,L,A,HEL_APP,Malvaceae,Heliocarpus,appendiculatus,WIND,Early,<5,43,0,75.20833333
EC,AN,L,A,KOA_PIT,Asteraceae,Koanophyllon,pittieri,WIND,Early,<5,50,0,75.20833333
EC,AN,L,A,LIP_MYR,Verbenaceae,Lippia,myriocephala,WIND,Early,<5,263,0,75.20833333
EC,AN,L,A,MIC_TRI,Melastomataceae,Miconia,trinervia,ZOO,Early,<5,15,0,75.20833333
EC,AN,L,A,MYR_COR,Primulaceae,Myrsine,coriacea,ZOO,Early,<5,252,3,75.20833333
EC,AN,L,A,PAL_PAD,Rubiaceae,Palicourea,padifolia,ZOO,Both,<5,2,8,75.20833333
EC,AN,L,A,TER_AMA,Combretaceae,Terminalia,amazonia,WIND,Late,<5,9,0,75.20833333
EC,AN,L,A,VIB_COS,Adoxaceae,Viburnum,costaricanum,ZOO,Both,<5,259,0,75.20833333
EC,AN,L,A,VIS_BAC,Hypericaceae,Vismia,baccifera,ZOO,Early,<5,16,0,75.20833333
EC,AN,L,B,AEG_VAL,Lamiaceae,Aegiphila,valerioi,ZOO,Late,<5,38,0,92.29411765
EC,AN,L,B,ALC_LAT,Euphorbiaceae,Alchornea,latifolia,ZOO,Early,<5,1,0,92.29411765
EC,AN,L,B,CAR_CAU,Caricaceae,Carica,cauliflora,ZOO,Early,<5,3,0,92.29411765
EC,AN,L,B,CEC_OBT,Urticaceae,Cecropia,obtusifolia,ZOO,Early,<5,174,0,92.29411765
EC,AN,L,B,CEC_PEL,Urticaceae,Cecropia,peltata,ZOO,Both,<5,12,0,92.29411765
EC,AN,L,B,CON_XAL,Melastomataceae,Conostegia,xalapensis,ZOO,Early,<5,11,1,92.29411765
EC,AN,L,B,FIC_COL,Moraceae,Ficus,colubrinae,ZOO,Both,<5,8,0,92.29411765
EC,AN,L,B,FIC_HAR,Moraceae,Ficus,hartwegii,ZOO,Both,<5,23,0,92.29411765
EC,AN,L,B,FRA_PEN,Rhamnaceae,Frangula,pendula,ZOO,Early,<5,18,5,92.29411765
EC,AN,L,B,HAM_APP,Malvaceae,Hampea,appendiculata,ZOO,Early,<5,1,0,92.29411765
EC,AN,L,B,HEL_APP,Malvaceae,Heliocarpus,appendiculatus,WIND,Early,<5,103,0,92.29411765
EC,AN,L,B,ING_EDU,Fabaceae,Inga,edulis,ZOO,Late,>5,1,0,92.29411765
EC,AN,L,B,KOA_PIT,Asteraceae,Koanophyllon,pittieri,WIND,Early,<5,5,0,92.29411765
EC,AN,L,B,LIP_MYR,Verbenaceae,Lippia,myriocephala,WIND,Early,<5,228,0,92.29411765
EC,AN,L,B,MIC_TRI,Melastomataceae,Miconia,trinervia,ZOO,Early,<5,6,0,92.29411765
EC,AN,L,B,MYR_COR,Primulaceae,Myrsine,coriacea,ZOO,Early,<5,126,3,92.29411765
EC,AN,L,B,PAL_PAD,Rubiaceae,Palicourea,padifolia,ZOO,Both,<5,25,1,92.29411765
EC,AN,L,B,PSI_GUA,Myrtaceae,Psidium,guajava,ZOO,Early,<5,1,0,92.29411765
EC,AN,L,B,SEN_PAP,Fabaceae,Senna,papillosa,ZOO,Early,<5,2,0,92.29411765
EC,AN,L,B,TER_AMA,Combretaceae,Terminalia,amazonia,WIND,Late,<5,4,0,92.29411765
EC,AN,L,B,VIB_COS,Adoxaceae,Viburnum,costaricanum,ZOO,Both,<5,1,0,92.29411765
EC,AN,L,B,VIS_BAC,Hypericaceae,Vismia,baccifera,ZOO,Early,<5,6,0,92.29411765
EC,AN,M,C,CAR_CAU,Caricaceae,Carica,cauliflora,ZOO,Early,<5,1,0,85.75
EC,AN,M,C,CEC_OBT,Urticaceae,Cecropia,obtusifolia,ZOO,Early,<5,399,0,85.75
EC,AN,M,C,CEC_PEL,Urticaceae,Cecropia,peltata,ZOO,Both,<5,4,0,85.75
EC,AN,M,C,CON_XAL,Melastomataceae,Conostegia,xalapensis,ZOO,Early,<5,1,0,85.75
EC,AN,M,C,ERY_POE,Fabaceae,Erythrina,poeppigiana,WIND,NA,>5,2,1,85.75
EC,AN,M,C,FIC_COL,Moraceae,Ficus,colubrinae,ZOO,Both,<5,10,0,85.75
EC,AN,M,C,FRA_PEN,Rhamnaceae,Frangula,pendula,ZOO,Early,<5,5,0,85.75
EC,AN,M,C,HEL_APP,Malvaceae,Heliocarpus,appendiculatus,WIND,Early,<5,79,0,85.75
EC,AN,M,C,KOA_PIT,Asteraceae,Koanophyllon,pittieri,WIND,Early,<5,8,0,85.75
EC,AN,M,C,LIP_MYR,Verbenaceae,Lippia,myriocephala,WIND,Early,<5,213,0,85.75
EC,AN,M,C,MIC_TRI,Melastomataceae,Miconia,trinervia,ZOO,Early,<5,3,0,85.75
EC,AN,M,C,MYR_COR,Primulaceae,Myrsine,coriacea,ZOO,Early,<5,197,0,85.75
EC,AN,M,C,PAL_PAD,Rubiaceae,Palicourea,padifolia,ZOO,Both,<5,23,8,85.75
EC,AN,M,C,STA_OCC,Staphyleaceae,Staphylea,occidentalis,ZOO,Early,>5,1,0,85.75
EC,AN,M,C,TER_AMA,Combretaceae,Terminalia,amazonia,WIND,Late,<5,3,0,85.75
EC,AN,M,C,VIB_COS,Adoxaceae,Viburnum,costaricanum,ZOO,Both,<5,1,2,85.75
EC,AN,M,C,VIS_BAC,Hypericaceae,Vismia,baccifera,ZOO,Early,<5,6,0,85.75
EC,AN,M,D,CAR_CAU,Caricaceae,Carica,cauliflora,ZOO,Early,<5,4,0,93.15
EC,AN,M,D,CEC_OBT,Urticaceae,Cecropia,obtusifolia,ZOO,Early,<5,615,0,93.15
EC,AN,M,D,CEC_PEL,Urticaceae,Cecropia,peltata,ZOO,Both,<5,3,0,93.15
EC,AN,M,D,CON_XAL,Melastomataceae,Conostegia,xalapensis,ZOO,Early,<5,21,2,93.15
EC,AN,M,D,ERY_POE,Fabaceae,Erythrina,poeppigiana,WIND,NA,>5,9,1,93.15
EC,AN,M,D,FIC_COL,Moraceae,Ficus,colubrinae,ZOO,Both,<5,12,0,93.15
EC,AN,M,D,FRA_PEN,Rhamnaceae,Frangula,pendula,ZOO,Early,<5,49,5,93.15
EC,AN,M,D,HAM_APP,Malvaceae,Hampea,appendiculata,ZOO,Early,<5,22,2,93.15
EC,AN,M,D,HEL_APP,Malvaceae,Heliocarpus,appendiculatus,WIND,Early,<5,368,1,93.15
EC,AN,M,D,ING_EDU,Fabaceae,Inga,edulis,ZOO,Late,>5,1,2,93.15
EC,AN,M,D,KOA_PIT,Asteraceae,Koanophyllon,pittieri,WIND,Early,<5,56,0,93.15
EC,AN,M,D,LIP_MYR,Verbenaceae,Lippia,myriocephala,WIND,Early,<5,307,0,93.15
EC,AN,M,D,MIC_TRI,Melastomataceae,Miconia,trinervia,ZOO,Early,<5,6,0,93.15
EC,AN,M,D,MYR_COR,Primulaceae,Myrsine,coriacea,ZOO,Early,<5,337,0,93.15
EC,AN,M,D,PAL_PAD,Rubiaceae,Palicourea,padifolia,ZOO,Both,<5,56,17,93.15
EC,AN,M,D,TER_AMA,Combretaceae,Terminalia,amazonia,WIND,Late,<5,2,0,93.15
EC,AN,M,D,VIB_COS,Adoxaceae,Viburnum,costaricanum,ZOO,Both,<5,32,1,93.15
EC,AN,M,D,VIS_BAC,Hypericaceae,Vismia,baccifera,ZOO,Early,<5,1,0,93.15
EC,P,NA,A,ALC_LAT,Euphorbiaceae,Alchornea,latifolia,ZOO,Early,<5,1,0,94.83333333
EC,P,NA,A,CAR_CAU,Caricaceae,Carica,cauliflora,ZOO,Early,<5,3,0,94.83333333
EC,P,NA,A,CEC_OBT,Urticaceae,Cecropia,obtusifolia,ZOO,Early,<5,318,0,94.83333333
EC,P,NA,A,CEC_PEL,Urticaceae,Cecropia,peltata,ZOO,Both,<5,291,0,94.83333333
EC,P,NA,A,CON_XAL,Melastomataceae,Conostegia,xalapensis,ZOO,Early,<5,3,0,94.83333333
EC,P,NA,A,COR_ERI,Boraginaceae,Cordia,eriostigma,ZOO,Late,>5,7,0,94.83333333
EC,P,NA,A,ERY_POE,Fabaceae,Erythrina,poeppigiana,WIND,NA,>5,13,1,94.83333333
EC,P,NA,A,FIC_AME,Moraceae,Ficus,americana,ZOO,Both,<5,2,0,94.83333333
EC,P,NA,A,FRA_PEN,Rhamnaceae,Frangula,pendula,ZOO,Early,<5,1,1,94.83333333
EC,P,NA,A,HEL_APP,Malvaceae,Heliocarpus,appendiculatus,WIND,Early,<5,1909,0,94.83333333
EC,P,NA,A,ING_EDU,Fabaceae,Inga,edulis,ZOO,Late,>5,1,0,94.83333333
EC,P,NA,A,KOA_PIT,Asteraceae,Koanophyllon,pittieri,WIND,Early,<5,85,0,94.83333333
EC,P,NA,A,LIP_MYR,Verbenaceae,Lippia,myriocephala,WIND,Early,<5,385,0,94.83333333
EC,P,NA,A,MIC_TRI,Melastomataceae,Miconia,trinervia,ZOO,Early,<5,8,0,94.83333333
EC,P,NA,A,MYR_COR,Primulaceae,Myrsine,coriacea,ZOO,Early,<5,170,0,94.83333333
EC,P,NA,A,PAL_PAD,Rubiaceae,Palicourea,padifolia,ZOO,Both,<5,65,1,94.83333333
EC,P,NA,A,TER_AMA,Combretaceae,Terminalia,amazonia,WIND,Late,<5,1,0,94.83333333
EC,P,NA,A,VIB_COS,Adoxaceae,Viburnum,costaricanum,ZOO,Both,<5,3,0,94.83333333
EC,P,NA,A,VIS_BAC,Hypericaceae,Vismia,baccifera,ZOO,Early,<5,1,0,94.83333333
EC,P,NA,B,CAR_CAU,Caricaceae,Carica,cauliflora,ZOO,Early,<5,2,0,91.39583333
EC,P,NA,B,CEC_OBT,Urticaceae,Cecropia,obtusifolia,ZOO,Early,<5,108,0,91.39583333
EC,P,NA,B,CEC_PEL,Urticaceae,Cecropia,peltata,ZOO,Both,<5,17,0,91.39583333
EC,P,NA,B,CON_XAL,Melastomataceae,Conostegia,xalapensis,ZOO,Early,<5,3,0,91.39583333
EC,P,NA,B,ERY_POE,Fabaceae,Erythrina,poeppigiana,WIND,NA,>5,13,0,91.39583333
EC,P,NA,B,FIC_HAR,Moraceae,Ficus,hartwegii,ZOO,Both,<5,1,0,91.39583333
EC,P,NA,B,HEL_APP,Malvaceae,Heliocarpus,appendiculatus,WIND,Early,<5,917,0,91.39583333
EC,P,NA,B,ING_EDU,Fabaceae,Inga,edulis,ZOO,Late,>5,3,0,91.39583333
EC,P,NA,B,KOA_PIT,Asteraceae,Koanophyllon,pittieri,WIND,Early,<5,51,0,91.39583333
EC,P,NA,B,LIP_MYR,Verbenaceae,Lippia,myriocephala,WIND,Early,<5,134,0,91.39583333
EC,P,NA,B,MIC_SCH,Melastomataceae,Miconia,schlimii,ZOO,Early,<5,1430,0,91.39583333
EC,P,NA,B,MIC_TRI,Melastomataceae,Miconia,trinervia,ZOO,Early,<5,5,0,91.39583333
EC,P,NA,B,MYR_COR,Primulaceae,Myrsine,coriacea,ZOO,Early,<5,80,0,91.39583333
EC,P,NA,B,PAL_PAD,Rubiaceae,Palicourea,padifolia,ZOO,Both,<5,2,7,91.39583333
EC,P,NA,B,TER_AMA,Combretaceae,Terminalia,amazonia,WIND,Late,<5,1,0,91.39583333
EC,P,NA,B,VIB_COS,Adoxaceae,Viburnum,costaricanum,ZOO,Both,<5,1,0,91.39583333
EC,P,NA,C,CAR_CAU,Caricaceae,Carica,cauliflora,ZOO,Early,<5,7,0,93.83333333
EC,P,NA,C,CEC_OBT,Urticaceae,Cecropia,obtusifolia,ZOO,Early,<5,98,0,93.83333333
EC,P,NA,C,CEC_PEL,Urticaceae,Cecropia,peltata,ZOO,Both,<5,19,0,93.83333333
EC,P,NA,C,CON_XAL,Melastomataceae,Conostegia,xalapensis,ZOO,Early,<5,1,0,93.83333333
EC,P,NA,C,ERY_POE,Fabaceae,Erythrina,poeppigiana,WIND,NA,>5,3,0,93.83333333
EC,P,NA,C,FIC_HAR,Moraceae,Ficus,hartwegii,ZOO,Both,<5,10,0,93.83333333
EC,P,NA,C,FRA_PEN,Rhamnaceae,Frangula,pendula,ZOO,Early,<5,9,0,93.83333333
EC,P,NA,C,HAM_APP,Malvaceae,Hampea,appendiculata,ZOO,Early,<5,1,0,93.83333333
EC,P,NA,C,HEL_APP,Malvaceae,Heliocarpus,appendiculatus,WIND,Early,<5,967,0,93.83333333
EC,P,NA,C,ING_EDU,Fabaceae,Inga,edulis,ZOO,Late,>5,1,0,93.83333333
EC,P,NA,C,KOA_PIT,Asteraceae,Koanophyllon,pittieri,WIND,Early,<5,98,1,93.83333333
EC,P,NA,C,LIP_MYR,Verbenaceae,Lippia,myriocephala,WIND,Early,<5,455,0,93.83333333
EC,P,NA,C,MIC_TRI,Melastomataceae,Miconia,trinervia,ZOO,Early,<5,4,0,93.83333333
EC,P,NA,C,MYR_COR,Primulaceae,Myrsine,coriacea,ZOO,Early,<5,122,0,93.83333333
EC,P,NA,C,PAL_PAD,Rubiaceae,Palicourea,padifolia,ZOO,Both,<5,6,2,93.83333333
EC,P,NA,C,PSI_GUA,Myrtaceae,Psidium,guajava,ZOO,Early,<5,5,0,93.83333333
EC,P,NA,C,TER_AMA,Combretaceae,Terminalia,amazonia,WIND,Late,<5,1,0,93.83333333
EC,P,NA,C,VIB_COS,Adoxaceae,Viburnum,costaricanum,ZOO,Both,<5,9,1,93.83333333
EC,P,NA,C,VIS_BAC,Hypericaceae,Vismia,baccifera,ZOO,Early,<5,1,0,93.83333333
EC,P,NA,D,CEC_OBT,Urticaceae,Cecropia,obtusifolia,ZOO,Early,<5,166,0,93.5
EC,P,NA,D,CEC_PEL,Urticaceae,Cecropia,peltata,ZOO,Both,<5,6,0,93.5
EC,P,NA,D,CON_XAL,Melastomataceae,Conostegia,xalapensis,ZOO,Early,<5,1,0,93.5
EC,P,NA,D,COR_ERI,Boraginaceae,Cordia,eriostigma,ZOO,Late,>5,3,0,93.5
EC,P,NA,D,FIC_COL,Moraceae,Ficus,colubrinae,ZOO,Both,<5,10,0,93.5
EC,P,NA,D,FRA_PEN,Rhamnaceae,Frangula,pendula,ZOO,Early,<5,1,0,93.5
EC,P,NA,D,HEL_APP,Malvaceae,Heliocarpus,appendiculatus,WIND,Early,<5,763,0,93.5
EC,P,NA,D,ING_EDU,Fabaceae,Inga,edulis,ZOO,Late,>5,4,0,93.5
EC,P,NA,D,KOA_PIT,Asteraceae,Koanophyllon,pittieri,WIND,Early,<5,67,0,93.5
EC,P,NA,D,LIP_MYR,Verbenaceae,Lippia,myriocephala,WIND,Early,<5,352,0,93.5
EC,P,NA,D,MIC_TRI,Melastomataceae,Miconia,trinervia,ZOO,Early,<5,5,0,93.5
EC,P,NA,D,MYR_COR,Primulaceae,Myrsine,coriacea,ZOO,Early,<5,47,1,93.5
EC,P,NA,D,PAL_PAD,Rubiaceae,Palicourea,padifolia,ZOO,Both,<5,3,2,93.5
EC,P,NA,D,TER_AMA,Combretaceae,Terminalia,amazonia,WIND,Late,<5,2,0,93.5
EC,P,NA,D,VIB_COS,Adoxaceae,Viburnum,costaricanum,ZOO,Both,<5,1,1,93.5
EC,P,NA,D,VIS_BAC,Hypericaceae,Vismia,baccifera,ZOO,Early,<5,5,0,93.5
EC,R,NA,A,ALL_PSI,Sapindaceae,Allophylus,psilospermus,ZOO,Late,>5,445,0,92.04166667
EC,R,NA,A,CAR_CAU,Caricaceae,Carica,cauliflora,ZOO,Early,<5,1,0,92.04166667
EC,R,NA,A,CEC_OBT,Urticaceae,Cecropia,obtusifolia,ZOO,Early,<5,161,0,92.04166667
EC,R,NA,A,CEC_PEL,Urticaceae,Cecropia,peltata,ZOO,Both,<5,45,0,92.04166667
EC,R,NA,A,DEN_SES,Araliaceae,Dendropanax,sessiliflorus,ZOO,Both,<5,13,0,92.04166667
EC,R,NA,A,FIC_AME,Moraceae,Ficus,americana,ZOO,Both,<5,50,0,92.04166667
EC,R,NA,A,FIC_HAR,Moraceae,Ficus,hartwegii,ZOO,Both,<5,1105,0,92.04166667
EC,R,NA,A,GUA_DOL,Annonaceae,Guatteria,dolichopoda,ZOO,Late,<5,2,0,92.04166667
EC,R,NA,A,HEL_APP,Malvaceae,Heliocarpus,appendiculatus,WIND,Early,<5,291,0,92.04166667
EC,R,NA,A,KOA_PIT,Asteraceae,Koanophyllon,pittieri,WIND,Early,<5,157,0,92.04166667
EC,R,NA,A,LIP_MYR,Verbenaceae,Lippia,myriocephala,WIND,Early,<5,69,0,92.04166667
EC,R,NA,A,MIC_TRI,Melastomataceae,Miconia,trinervia,ZOO,Early,<5,7,0,92.04166667
EC,R,NA,A,MYR_COR,Primulaceae,Myrsine,coriacea,ZOO,Early,<5,27,0,92.04166667
EC,R,NA,A,OCO_PUB,Lauraceae,Ocotea,puberula,ZOO,Both,>5,3,8,92.04166667
EC,R,NA,A,SEN_PAP,Fabaceae,Senna,papillosa,ZOO,Early,<5,3,0,92.04166667
EC,R,NA,A,STA_OCC,Staphyleaceae,Staphylea,occidentalis,ZOO,Early,>5,1,0,92.04166667
EC,R,NA,A,TER_AMA,Combretaceae,Terminalia,amazonia,WIND,Late,<5,2,0,92.04166667
EC,R,NA,A,VIB_COS,Adoxaceae,Viburnum,costaricanum,ZOO,Both,<5,3,0,92.04166667
EC,R,NA,A,VIS_BAC,Hypericaceae,Vismia,baccifera,ZOO,Early,<5,1,0,92.04166667
EC,R,NA,B,ALC_LAT,Euphorbiaceae,Alchornea,latifolia,ZOO,Early,<5,2,0,92.77083333
EC,R,NA,B,ALL_PSI,Sapindaceae,Allophylus,psilospermus,ZOO,Late,>5,71,0,92.77083333
EC,R,NA,B,CEC_OBT,Urticaceae,Cecropia,obtusifolia,ZOO,Early,<5,103,0,92.77083333
EC,R,NA,B,CEC_PEL,Urticaceae,Cecropia,peltata,ZOO,Both,<5,35,0,92.77083333
EC,R,NA,B,CON_XAL,Melastomataceae,Conostegia,xalapensis,ZOO,Early,<5,3,0,92.77083333
EC,R,NA,B,COR_ERI,Boraginaceae,Cordia,eriostigma,ZOO,Late,>5,6,0,92.77083333
EC,R,NA,B,DEN_SES,Araliaceae,Dendropanax,sessiliflorus,ZOO,Both,<5,8,1,92.77083333
EC,R,NA,B,FIC_AME,Moraceae,Ficus,americana,ZOO,Both,<5,37,0,92.77083333
EC,R,NA,B,FIC_COL,Moraceae,Ficus,colubrinae,ZOO,Both,<5,15,0,92.77083333
EC,R,NA,B,FIC_HAR,Moraceae,Ficus,hartwegii,ZOO,Both,<5,199,0,92.77083333
EC,R,NA,B,GUA_DOL,Annonaceae,Guatteria,dolichopoda,ZOO,Late,<5,2,0,92.77083333
EC,R,NA,B,HAM_APP,Malvaceae,Hampea,appendiculata,ZOO,Early,<5,1,0,92.77083333
EC,R,NA,B,HEL_APP,Malvaceae,Heliocarpus,appendiculatus,WIND,Early,<5,328,0,92.77083333
EC,R,NA,B,ING_PUN,Fabaceae,Inga,punctata,ZOO,Late,>5,1,0,92.77083333
EC,R,NA,B,KOA_PIT,Asteraceae,Koanophyllon,pittieri,WIND,Early,<5,298,0,92.77083333
EC,R,NA,B,LIP_MYR,Verbenaceae,Lippia,myriocephala,WIND,Early,<5,87,0,92.77083333
EC,R,NA,B,MIC_TRI,Melastomataceae,Miconia,trinervia,ZOO,Early,<5,38,0,92.77083333
EC,R,NA,B,MYR_COR,Primulaceae,Myrsine,coriacea,ZOO,Early,<5,15,0,92.77083333
EC,R,NA,B,OCO_PUB,Lauraceae,Ocotea,puberula,ZOO,Both,>5,36,9,92.77083333
EC,R,NA,B,PAL_PAD,Rubiaceae,Palicourea,padifolia,ZOO,Both,<5,2,0,92.77083333
EC,R,NA,B,PSE_GLA,Moraceae,Pseudolmedia,glabrata,ZOO,Late,>5,2,0,92.77083333
EC,R,NA,B,STA_OCC,Staphyleaceae,Staphylea,occidentalis,ZOO,Early,>5,1,0,92.77083333
EC,R,NA,B,VIS_BAC,Hypericaceae,Vismia,baccifera,ZOO,Early,<5,1,0,92.77083333
EC,R,NA,C,ALC_LAT,Euphorbiaceae,Alchornea,latifolia,ZOO,Early,<5,1,0,93.08333333
EC,R,NA,C,ALL_PSI,Sapindaceae,Allophylus,psilospermus,ZOO,Late,>5,16,0,93.08333333
EC,R,NA,C,CEC_OBT,Urticaceae,Cecropia,obtusifolia,ZOO,Early,<5,260,0,93.08333333
EC,R,NA,C,CEC_PEL,Urticaceae,Cecropia,peltata,ZOO,Both,<5,108,0,93.08333333
EC,R,NA,C,CRO_DRA,Euphorbiaceae,Croton,draco,ZOO,Early,<5,11,0,93.08333333
EC,R,NA,C,DEN_SES,Araliaceae,Dendropanax,sessiliflorus,ZOO,Both,<5,3,0,93.08333333
EC,R,NA,C,FIC_COL,Moraceae,Ficus,colubrinae,ZOO,Both,<5,337,0,93.08333333
EC,R,NA,C,FIC_HAR,Moraceae,Ficus,hartwegii,ZOO,Both,<5,430,0,93.08333333
EC,R,NA,C,GOR_FRU,Theaceae,Gordonia,fruticosa,WIND,Late,<5,16,0,93.08333333
EC,R,NA,C,GUA_DOL,Annonaceae,Guatteria,dolichopoda,ZOO,Late,<5,208,0,93.08333333
EC,R,NA,C,HAM_APP,Malvaceae,Hampea,appendiculata,ZOO,Early,<5,2,15,93.08333333
EC,R,NA,C,HEL_APP,Malvaceae,Heliocarpus,appendiculatus,WIND,Early,<5,29,0,93.08333333
EC,R,NA,C,ING_PUN,Fabaceae,Inga,punctata,ZOO,Late,>5,97,2,93.08333333
EC,R,NA,C,KOA_PIT,Asteraceae,Koanophyllon,pittieri,WIND,Early,<5,593,0,93.08333333
EC,R,NA,C,LIP_MYR,Verbenaceae,Lippia,myriocephala,WIND,Early,<5,678,0,93.08333333
EC,R,NA,C,MIC_TRI,Melastomataceae,Miconia,trinervia,ZOO,Early,<5,88,0,93.08333333
EC,R,NA,C,MYR_COR,Primulaceae,Myrsine,coriacea,ZOO,Early,<5,20,0,93.08333333
EC,R,NA,C,PAL_PAD,Rubiaceae,Palicourea,padifolia,ZOO,Both,<5,5,0,93.08333333
EC,R,NA,C,SEN_PAP,Fabaceae,Senna,papillosa,ZOO,Early,<5,1,0,93.08333333
EC,R,NA,C,STA_OCC,Staphyleaceae,Staphylea,occidentalis,ZOO,Early,>5,6,0,93.08333333
EC,R,NA,C,VIS_BAC,Hypericaceae,Vismia,baccifera,ZOO,Early,<5,3,0,93.08333333
EC,R,NA,D,ALC_LAT,Euphorbiaceae,Alchornea,latifolia,ZOO,Early,<5,1,0,91.125
EC,R,NA,D,ALL_PSI,Sapindaceae,Allophylus,psilospermus,ZOO,Late,>5,7,0,91.125
EC,R,NA,D,CEC_OBT,Urticaceae,Cecropia,obtusifolia,ZOO,Early,<5,76,0,91.125
EC,R,NA,D,CEC_PEL,Urticaceae,Cecropia,peltata,ZOO,Both,<5,245,0,91.125
EC,R,NA,D,CON_XAL,Melastomataceae,Conostegia,xalapensis,ZOO,Early,<5,14,0,91.125
EC,R,NA,D,COR_ERI,Boraginaceae,Cordia,eriostigma,ZOO,Late,>5,5,0,91.125
EC,R,NA,D,CRO_DRA,Euphorbiaceae,Croton,draco,ZOO,Early,<5,9,0,91.125
EC,R,NA,D,DEN_SES,Araliaceae,Dendropanax,sessiliflorus,ZOO,Both,<5,10,0,91.125
EC,R,NA,D,FIC_AME,Moraceae,Ficus,americana,ZOO,Both,<5,6,0,91.125
EC,R,NA,D,FIC_COL,Moraceae,Ficus,colubrinae,ZOO,Both,<5,17,0,91.125
EC,R,NA,D,GOR_FRU,Theaceae,Gordonia,fruticosa,WIND,Late,<5,1,0,91.125
EC,R,NA,D,GUA_DOL,Annonaceae,Guatteria,dolichopoda,ZOO,Late,<5,2,0,91.125
EC,R,NA,D,HAM_APP,Malvaceae,Hampea,appendiculata,ZOO,Early,<5,2,4,91.125
EC,R,NA,D,HEL_APP,Malvaceae,Heliocarpus,appendiculatus,WIND,Early,<5,5,0,91.125
EC,R,NA,D,KOA_PIT,Asteraceae,Koanophyllon,pittieri,WIND,Early,<5,63,0,91.125
EC,R,NA,D,LIP_MYR,Verbenaceae,Lippia,myriocephala,WIND,Early,<5,155,0,91.125
EC,R,NA,D,MIC_TRI,Melastomataceae,Miconia,trinervia,ZOO,Early,<5,53,0,91.125
EC,R,NA,D,MYR_COR,Primulaceae,Myrsine,coriacea,ZOO,Early,<5,6,0,91.125
EC,R,NA,D,OCO_PUB,Lauraceae,Ocotea,puberula,ZOO,Both,>5,1,9,91.125
EC,R,NA,D,PAL_PAD,Rubiaceae,Palicourea,padifolia,ZOO,Both,<5,1,3,91.125
EC,R,NA,D,TER_AMA,Combretaceae,Terminalia,amazonia,WIND,Late,<5,1,0,91.125
EC,R,NA,D,VIS_BAC,Hypericaceae,Vismia,baccifera,ZOO,Early,<5,1,0,91.125
JG,NR,NA,A,CEC_OBT,Urticaceae,Cecropia,obtusifolia,ZOO,Early,<5,41,0,91.10416667
JG,NR,NA,A,CEC_PEL,Urticaceae,Cecropia,peltata,ZOO,Both,<5,43,0,91.10416667
JG,NR,NA,A,COR_ERI,Boraginaceae,Cordia,eriostigma,ZOO,Late,>5,1,0,91.10416667
JG,NR,NA,A,CRO_DRA,Euphorbiaceae,Croton,draco,ZOO,Early,<5,15,0,91.10416667
JG,NR,NA,A,DEN_SES,Araliaceae,Dendropanax,sessiliflorus,ZOO,Both,<5,10,0,91.10416667
JG,NR,NA,A,FIC_COL,Moraceae,Ficus,colubrinae,ZOO,Both,<5,7,0,91.10416667
JG,NR,NA,A,HAM_APP,Malvaceae,Hampea,appendiculata,ZOO,Early,<5,3,4,91.10416667
JG,NR,NA,A,HEL_APP,Malvaceae,Heliocarpus,appendiculatus,WIND,Early,<5,790,0,91.10416667
JG,NR,NA,A,KOA_PIT,Asteraceae,Koanophyllon,pittieri,WIND,Early,<5,63,0,91.10416667
JG,NR,NA,A,LIP_MYR,Verbenaceae,Lippia,myriocephala,WIND,Early,<5,15889,0,91.10416667
JG,NR,NA,A,MIC_TRI,Melastomataceae,Miconia,trinervia,ZOO,Early,<5,12,0,91.10416667
JG,NR,NA,A,PAL_PAD,Rubiaceae,Palicourea,padifolia,ZOO,Both,<5,14,4,91.10416667
JG,NR,NA,A,PSI_GUA,Myrtaceae,Psidium,guajava,ZOO,Early,<5,5,0,91.10416667
JG,NR,NA,A,SEN_PAP,Fabaceae,Senna,papillosa,ZOO,Early,<5,1,0,91.10416667
JG,NR,NA,A,VER_TAP,Asteraceae,Verbesina,tapantiana,WIND,Early,<5,15,0,91.10416667
JG,NR,NA,B,CEC_OBT,Urticaceae,Cecropia,obtusifolia,ZOO,Early,<5,41,0,16.95833333
JG,NR,NA,B,CEC_PEL,Urticaceae,Cecropia,peltata,ZOO,Both,<5,1,0,16.95833333
JG,NR,NA,B,CRO_DRA,Euphorbiaceae,Croton,draco,ZOO,Early,<5,3,0,16.95833333
JG,NR,NA,B,DEN_SES,Araliaceae,Dendropanax,sessiliflorus,ZOO,Both,<5,1,0,16.95833333
JG,NR,NA,B,HEL_APP,Malvaceae,Heliocarpus,appendiculatus,WIND,Early,<5,28,0,16.95833333
JG,NR,NA,B,KOA_PIT,Asteraceae,Koanophyllon,pittieri,WIND,Early,<5,16,0,16.95833333
JG,NR,NA,B,LIP_MYR,Verbenaceae,Lippia,myriocephala,WIND,Early,<5,110,0,16.95833333
JG,NR,NA,B,MIC_TRI,Melastomataceae,Miconia,trinervia,ZOO,Early,<5,6,0,16.95833333
JG,NR,NA,B,PAL_PAD,Rubiaceae,Palicourea,padifolia,ZOO,Both,<5,10,0,16.95833333
JG,NR,NA,B,VER_TAP,Asteraceae,Verbesina,tapantiana,WIND,Early,<5,3,0,16.95833333
JG,NR,NA,B,VIB_COS,Adoxaceae,Viburnum,costaricanum,ZOO,Both,<5,2,0,16.95833333
JG,NR,NA,C,CEC_OBT,Urticaceae,Cecropia,obtusifolia,ZOO,Early,<5,13,0,76.3125
JG,NR,NA,C,CEC_PEL,Urticaceae,Cecropia,peltata,ZOO,Both,<5,51,0,76.3125
JG,NR,NA,C,CRO_DRA,Euphorbiaceae,Croton,draco,ZOO,Early,<5,125,0,76.3125
JG,NR,NA,C,DEN_SES,Araliaceae,Dendropanax,sessiliflorus,ZOO,Both,<5,7,0,76.3125
JG,NR,NA,C,FIC_HAR,Moraceae,Ficus,hartwegii,ZOO,Both,<5,184,0,76.3125
JG,NR,NA,C,GUA_DOL,Annonaceae,Guatteria,dolichopoda,ZOO,Late,<5,2,0,76.3125
JG,NR,NA,C,HEL_APP,Malvaceae,Heliocarpus,appendiculatus,WIND,Early,<5,1075,0,76.3125
JG,NR,NA,C,KOA_PIT,Asteraceae,Koanophyllon,pittieri,WIND,Early,<5,15,0,76.3125
JG,NR,NA,C,LIP_MYR,Verbenaceae,Lippia,myriocephala,WIND,Early,<5,580,0,76.3125
JG,NR,NA,C,MIC_TRI,Melastomataceae,Miconia,trinervia,ZOO,Early,<5,26,0,76.3125
JG,NR,NA,C,MYR_COR,Primulaceae,Myrsine,coriacea,ZOO,Early,<5,1,0,76.3125
JG,NR,NA,C,PAL_PAD,Rubiaceae,Palicourea,padifolia,ZOO,Both,<5,27,10,76.3125
JG,NR,NA,C,PSI_GUA,Myrtaceae,Psidium,guajava,ZOO,Early,<5,8,0,76.3125
JG,NR,NA,C,SEN_PAP,Fabaceae,Senna,papillosa,ZOO,Early,<5,1,0,76.3125
JG,NR,NA,C,STA_OCC,Staphyleaceae,Staphylea,occidentalis,ZOO,Early,>5,1,0,76.3125
JG,NR,NA,C,VER_TAP,Asteraceae,Verbesina,tapantiana,WIND,Early,<5,2,0,76.3125
JG,NR,NA,C,VIB_COS,Adoxaceae,Viburnum,costaricanum,ZOO,Both,<5,3,0,76.3125
JG,NR,NA,C,VIS_BAC,Hypericaceae,Vismia,baccifera,ZOO,Early,<5,1,0,76.3125
JG,NR,NA,D,CEC_OBT,Urticaceae,Cecropia,obtusifolia,ZOO,Early,<5,72,0,85.79166667
JG,NR,NA,D,CEC_PEL,Urticaceae,Cecropia,peltata,ZOO,Both,<5,4,0,85.79166667
JG,NR,NA,D,CRO_DRA,Euphorbiaceae,Croton,draco,ZOO,Early,<5,9,0,85.79166667
JG,NR,NA,D,DEN_SES,Araliaceae,Dendropanax,sessiliflorus,ZOO,Both,<5,58,0,85.79166667
JG,NR,NA,D,FIC_COL,Moraceae,Ficus,colubrinae,ZOO,Both,<5,5,0,85.79166667
JG,NR,NA,D,FIC_HAR,Moraceae,Ficus,hartwegii,ZOO,Both,<5,6,0,85.79166667
JG,NR,NA,D,HEL_APP,Malvaceae,Heliocarpus,appendiculatus,WIND,Early,<5,61,0,85.79166667
JG,NR,NA,D,KOA_PIT,Asteraceae,Koanophyllon,pittieri,WIND,Early,<5,16,0,85.79166667
JG,NR,NA,D,LIP_MYR,Verbenaceae,Lippia,myriocephala,WIND,Early,<5,255,0,85.79166667
JG,NR,NA,D,MIC_SCH,Melastomataceae,Miconia,schlimii,ZOO,Early,<5,315,0,85.79166667
JG,NR,NA,D,MIC_TRI,Melastomataceae,Miconia,trinervia,ZOO,Early,<5,7,0,85.79166667
JG,NR,NA,D,PAL_PAD,Rubiaceae,Palicourea,padifolia,ZOO,Both,<5,12,4,85.79166667
JG,NR,NA,D,PSI_GUA,Myrtaceae,Psidium,guajava,ZOO,Early,<5,6,0,85.79166667
JG,NR,NA,D,SEN_PAP,Fabaceae,Senna,papillosa,ZOO,Early,<5,9,1,85.79166667
JG,NR,NA,D,STA_OCC,Staphyleaceae,Staphylea,occidentalis,ZOO,Early,>5,2,0,85.79166667
JG,NR,NA,D,VER_TAP,Asteraceae,Verbesina,tapantiana,WIND,Early,<5,4,0,85.79166667
JG,NR,NA,D,VIB_COS,Adoxaceae,Viburnum,costaricanum,ZOO,Both,<5,3,2,85.79166667
JG,AN,L,A,ALC_LAT,Euphorbiaceae,Alchornea,latifolia,ZOO,Early,<5,4,0,92.86111111
JG,AN,L,A,ALL_PSI,Sapindaceae,Allophylus,psilospermus,ZOO,Late,>5,2,0,92.86111111
JG,AN,L,A,CEC_OBT,Urticaceae,Cecropia,obtusifolia,ZOO,Early,<5,108,0,92.86111111
JG,AN,L,A,CEC_PEL,Urticaceae,Cecropia,peltata,ZOO,Both,<5,448,0,92.86111111
JG,AN,L,A,CON_XAL,Melastomataceae,Conostegia,xalapensis,ZOO,Early,<5,5,0,92.86111111
JG,AN,L,A,COR_ERI,Boraginaceae,Cordia,eriostigma,ZOO,Late,>5,2,0,92.86111111
JG,AN,L,A,DEN_SES,Araliaceae,Dendropanax,sessiliflorus,ZOO,Both,<5,6,0,92.86111111
JG,AN,L,A,HAM_APP,Malvaceae,Hampea,appendiculata,ZOO,Early,<5,1,2,92.86111111
JG,AN,L,A,HEL_APP,Malvaceae,Heliocarpus,appendiculatus,WIND,Early,<5,179,0,92.86111111
JG,AN,L,A,KOA_PIT,Asteraceae,Koanophyllon,pittieri,WIND,Early,<5,8,0,92.86111111
JG,AN,L,A,LIP_MYR,Verbenaceae,Lippia,myriocephala,WIND,Early,<5,93,0,92.86111111
JG,AN,L,A,MIC_TRI,Melastomataceae,Miconia,trinervia,ZOO,Early,<5,17,3,92.86111111
JG,AN,L,A,OCO_PUB,Lauraceae,Ocotea,puberula,ZOO,Both,>5,2,0,92.86111111
JG,AN,L,A,PAL_PAD,Rubiaceae,Palicourea,padifolia,ZOO,Both,<5,19,9,92.86111111
JG,AN,L,A,PSI_GUA,Myrtaceae,Psidium,guajava,ZOO,Early,<5,17,0,92.86111111
JG,AN,L,A,SEN_PAP,Fabaceae,Senna,papillosa,ZOO,Early,<5,1,1,92.86111111
JG,AN,L,A,VER_TAP,Asteraceae,Verbesina,tapantiana,WIND,Early,<5,7,0,92.86111111
JG,AN,L,A,VIB_COS,Adoxaceae,Viburnum,costaricanum,ZOO,Both,<5,7,10,92.86111111
JG,AN,L,A,VIS_BAC,Hypericaceae,Vismia,baccifera,ZOO,Early,<5,2,0,92.86111111
JG,AN,L,B,ALC_LAT,Euphorbiaceae,Alchornea,latifolia,ZOO,Early,<5,1,0,89.29166667
JG,AN,L,B,CEC_OBT,Urticaceae,Cecropia,obtusifolia,ZOO,Early,<5,192,0,89.29166667
JG,AN,L,B,CEC_PEL,Urticaceae,Cecropia,peltata,ZOO,Both,<5,412,0,89.29166667
JG,AN,L,B,CON_XAL,Melastomataceae,Conostegia,xalapensis,ZOO,Early,<5,25,0,89.29166667
JG,AN,L,B,COR_ERI,Boraginaceae,Cordia,eriostigma,ZOO,Late,>5,2,0,89.29166667
JG,AN,L,B,CRO_DRA,Euphorbiaceae,Croton,draco,ZOO,Early,<5,1,0,89.29166667
JG,AN,L,B,DEN_SES,Araliaceae,Dendropanax,sessiliflorus,ZOO,Both,<5,9,0,89.29166667
JG,AN,L,B,FIC_COL,Moraceae,Ficus,colubrinae,ZOO,Both,<5,100,0,89.29166667
JG,AN,L,B,FIC_HAR,Moraceae,Ficus,hartwegii,ZOO,Both,<5,525,0,89.29166667
JG,AN,L,B,GUA_DOL,Annonaceae,Guatteria,dolichopoda,ZOO,Late,<5,1,0,89.29166667
JG,AN,L,B,HEL_APP,Malvaceae,Heliocarpus,appendiculatus,WIND,Early,<5,93,0,89.29166667
JG,AN,L,B,KOA_PIT,Asteraceae,Koanophyllon,pittieri,WIND,Early,<5,6,0,89.29166667
JG,AN,L,B,LIP_MYR,Verbenaceae,Lippia,myriocephala,WIND,Early,<5,96,0,89.29166667
JG,AN,L,B,MIC_TRI,Melastomataceae,Miconia,trinervia,ZOO,Early,<5,28,0,89.29166667
JG,AN,L,B,MYR_COR,Primulaceae,Myrsine,coriacea,ZOO,Early,<5,1,0,89.29166667
JG,AN,L,B,PAL_PAD,Rubiaceae,Palicourea,padifolia,ZOO,Both,<5,22,5,89.29166667
JG,AN,L,B,PSI_GUA,Myrtaceae,Psidium,guajava,ZOO,Early,<5,14,0,89.29166667
JG,AN,L,B,SEN_PAP,Fabaceae,Senna,papillosa,ZOO,Early,<5,3,0,89.29166667
JG,AN,L,B,VER_TAP,Asteraceae,Verbesina,tapantiana,WIND,Early,<5,5,0,89.29166667
JG,AN,L,B,VIB_COS,Adoxaceae,Viburnum,costaricanum,ZOO,Both,<5,4,0,89.29166667
JG,AN,M,C,AEG_VAL,Lamiaceae,Aegiphila,valerioi,ZOO,Late,<5,8,0,88.86666667
JG,AN,M,C,ALC_LAT,Euphorbiaceae,Alchornea,latifolia,ZOO,Early,<5,3,0,88.86666667
JG,AN,M,C,CEC_OBT,Urticaceae,Cecropia,obtusifolia,ZOO,Early,<5,285,0,88.86666667
JG,AN,M,C,CEC_PEL,Urticaceae,Cecropia,peltata,ZOO,Both,<5,585,0,88.86666667
JG,AN,M,C,CON_XAL,Melastomataceae,Conostegia,xalapensis,ZOO,Early,<5,6,0,88.86666667
JG,AN,M,C,CRO_DRA,Euphorbiaceae,Croton,draco,ZOO,Early,<5,1,0,88.86666667
JG,AN,M,C,DEN_SES,Araliaceae,Dendropanax,sessiliflorus,ZOO,Both,<5,136,0,88.86666667
JG,AN,M,C,FIC_HAR,Moraceae,Ficus,hartwegii,ZOO,Both,<5,251,0,88.86666667
JG,AN,M,C,HAM_APP,Malvaceae,Hampea,appendiculata,ZOO,Early,<5,8,6,88.86666667
JG,AN,M,C,HEL_APP,Malvaceae,Heliocarpus,appendiculatus,WIND,Early,<5,79,0,88.86666667
JG,AN,M,C,KOA_PIT,Asteraceae,Koanophyllon,pittieri,WIND,Early,<5,12,0,88.86666667
JG,AN,M,C,LIP_MYR,Verbenaceae,Lippia,myriocephala,WIND,Early,<5,131,0,88.86666667
JG,AN,M,C,MIC_TRI,Melastomataceae,Miconia,trinervia,ZOO,Early,<5,27,0,88.86666667
JG,AN,M,C,PAL_PAD,Rubiaceae,Palicourea,padifolia,ZOO,Both,<5,25,18,88.86666667
JG,AN,M,C,PSI_GUA,Myrtaceae,Psidium,guajava,ZOO,Early,<5,13,0,88.86666667
JG,AN,M,C,SEN_PAP,Fabaceae,Senna,papillosa,ZOO,Early,<5,4,0,88.86666667
JG,AN,M,C,STA_OCC,Staphyleaceae,Staphylea,occidentalis,ZOO,Early,>5,2,0,88.86666667
JG,AN,M,C,TER_AMA,Combretaceae,Terminalia,amazonia,WIND,Late,<5,1,0,88.86666667
JG,AN,M,C,VER_TAP,Asteraceae,Verbesina,tapantiana,WIND,Early,<5,1,0,88.86666667
JG,AN,M,C,VIB_COS,Adoxaceae,Viburnum,costaricanum,ZOO,Both,<5,8,9,88.86666667
JG,AN,M,D,ALC_LAT,Euphorbiaceae,Alchornea,latifolia,ZOO,Early,<5,1,0,85.55
JG,AN,M,D,CEC_OBT,Urticaceae,Cecropia,obtusifolia,ZOO,Early,<5,112,0,85.55
JG,AN,M,D,CEC_PEL,Urticaceae,Cecropia,peltata,ZOO,Both,<5,303,0,85.55
JG,AN,M,D,COR_ERI,Boraginaceae,Cordia,eriostigma,ZOO,Late,>5,8,0,85.55
JG,AN,M,D,DEN_SES,Araliaceae,Dendropanax,sessiliflorus,ZOO,Both,<5,5,0,85.55
JG,AN,M,D,FIC_COL,Moraceae,Ficus,colubrinae,ZOO,Both,<5,1,0,85.55
JG,AN,M,D,FIC_HAR,Moraceae,Ficus,hartwegii,ZOO,Both,<5,2,0,85.55
JG,AN,M,D,GUA_DOL,Annonaceae,Guatteria,dolichopoda,ZOO,Late,<5,1,0,85.55
JG,AN,M,D,HAM_APP,Malvaceae,Hampea,appendiculata,ZOO,Early,<5,2,0,85.55
JG,AN,M,D,HEL_APP,Malvaceae,Heliocarpus,appendiculatus,WIND,Early,<5,132,0,85.55
JG,AN,M,D,KOA_PIT,Asteraceae,Koanophyllon,pittieri,WIND,Early,<5,4,0,85.55
JG,AN,M,D,LIP_MYR,Verbenaceae,Lippia,myriocephala,WIND,Early,<5,64,0,85.55
JG,AN,M,D,MIC_TRI,Melastomataceae,Miconia,trinervia,ZOO,Early,<5,21,0,85.55
JG,AN,M,D,PAL_PAD,Rubiaceae,Palicourea,padifolia,ZOO,Both,<5,22,5,85.55
JG,AN,M,D,PSI_GUA,Myrtaceae,Psidium,guajava,ZOO,Early,<5,3,0,85.55
JG,AN,M,D,VIB_COS,Adoxaceae,Viburnum,costaricanum,ZOO,Both,<5,9,0,85.55
JG,P,NA,A,CEC_OBT,Urticaceae,Cecropia,obtusifolia,ZOO,Early,<5,62,0,90.33333333
JG,P,NA,A,CEC_PEL,Urticaceae,Cecropia,peltata,ZOO,Both,<5,17,0,90.33333333
JG,P,NA,A,DEN_SES,Araliaceae,Dendropanax,sessiliflorus,ZOO,Both,<5,2,0,90.33333333
JG,P,NA,A,FIC_COL,Moraceae,Ficus,colubrinae,ZOO,Both,<5,13,0,90.33333333
JG,P,NA,A,FIC_HAR,Moraceae,Ficus,hartwegii,ZOO,Both,<5,54,0,90.33333333
JG,P,NA,A,HAM_APP,Malvaceae,Hampea,appendiculata,ZOO,Early,<5,2,5,90.33333333
JG,P,NA,A,HEL_APP,Malvaceae,Heliocarpus,appendiculatus,WIND,Early,<5,16,0,90.33333333
JG,P,NA,A,ING_EDU,Fabaceae,Inga,edulis,ZOO,Late,>5,1,0,90.33333333
JG,P,NA,A,KOA_PIT,Asteraceae,Koanophyllon,pittieri,WIND,Early,<5,7,0,90.33333333
JG,P,NA,A,LIP_MYR,Verbenaceae,Lippia,myriocephala,WIND,Early,<5,291,0,90.33333333
JG,P,NA,A,MIC_THE,Melastomataceae,Miconia,theazans,ZOO,Early,<5,275,0,90.33333333
JG,P,NA,A,MIC_TRI,Melastomataceae,Miconia,trinervia,ZOO,Early,<5,38,0,90.33333333
JG,P,NA,A,PAL_PAD,Rubiaceae,Palicourea,padifolia,ZOO,Both,<5,4,7,90.33333333
JG,P,NA,A,PSI_GUA,Myrtaceae,Psidium,guajava,ZOO,Early,<5,2,0,90.33333333
JG,P,NA,A,TER_AMA,Combretaceae,Terminalia,amazonia,WIND,Late,<5,1,0,90.33333333
JG,P,NA,B,ALC_LAT,Euphorbiaceae,Alchornea,latifolia,ZOO,Early,<5,1,0,95.20454545
JG,P,NA,B,CEC_OBT,Urticaceae,Cecropia,obtusifolia,ZOO,Early,<5,32,0,95.20454545
JG,P,NA,B,CEC_PEL,Urticaceae,Cecropia,peltata,ZOO,Both,<5,16,0,95.20454545
JG,P,NA,B,DEN_SES,Araliaceae,Dendropanax,sessiliflorus,ZOO,Both,<5,3,0,95.20454545
JG,P,NA,B,FIC_HAR,Moraceae,Ficus,hartwegii,ZOO,Both,<5,75,0,95.20454545
JG,P,NA,B,HEL_APP,Malvaceae,Heliocarpus,appendiculatus,WIND,Early,<5,14,0,95.20454545
JG,P,NA,B,ING_EDU,Fabaceae,Inga,edulis,ZOO,Late,>5,3,0,95.20454545
JG,P,NA,B,KOA_PIT,Asteraceae,Koanophyllon,pittieri,WIND,Early,<5,3,0,95.20454545
JG,P,NA,B,LIP_MYR,Verbenaceae,Lippia,myriocephala,WIND,Early,<5,126,0,95.20454545
JG,P,NA,B,MIC_THE,Melastomataceae,Miconia,theazans,ZOO,Early,<5,40,0,95.20454545
JG,P,NA,B,MIC_TRI,Melastomataceae,Miconia,trinervia,ZOO,Early,<5,3,0,95.20454545
JG,P,NA,B,MYR_COR,Primulaceae,Myrsine,coriacea,ZOO,Early,<5,1,0,95.20454545
JG,P,NA,B,PAL_PAD,Rubiaceae,Palicourea,padifolia,ZOO,Both,<5,8,2,95.20454545
JG,P,NA,B,STA_OCC,Staphyleaceae,Staphylea,occidentalis,ZOO,Early,>5,1,0,95.20454545
JG,P,NA,B,TER_AMA,Combretaceae,Terminalia,amazonia,WIND,Late,<5,1,0,95.20454545
JG,P,NA,C,CEC_OBT,Urticaceae,Cecropia,obtusifolia,ZOO,Early,<5,63,0,92.91666667
JG,P,NA,C,CEC_PEL,Urticaceae,Cecropia,peltata,ZOO,Both,<5,39,0,92.91666667
JG,P,NA,C,DEN_SES,Araliaceae,Dendropanax,sessiliflorus,ZOO,Both,<5,11,0,92.91666667
JG,P,NA,C,FIC_COL,Moraceae,Ficus,colubrinae,ZOO,Both,<5,15,0,92.91666667
JG,P,NA,C,HAM_APP,Malvaceae,Hampea,appendiculata,ZOO,Early,<5,5,4,92.91666667
JG,P,NA,C,HEL_APP,Malvaceae,Heliocarpus,appendiculatus,WIND,Early,<5,91,0,92.91666667
JG,P,NA,C,KOA_PIT,Asteraceae,Koanophyllon,pittieri,WIND,Early,<5,67,0,92.91666667
JG,P,NA,C,LIP_MYR,Verbenaceae,Lippia,myriocephala,WIND,Early,<5,54,0,92.91666667
JG,P,NA,C,MIC_TRI,Melastomataceae,Miconia,trinervia,ZOO,Early,<5,24,1,92.91666667
JG,P,NA,C,PAL_PAD,Rubiaceae,Palicourea,padifolia,ZOO,Both,<5,20,3,92.91666667
JG,P,NA,C,PSI_GUA,Myrtaceae,Psidium,guajava,ZOO,Early,<5,7,0,92.91666667
JG,P,NA,C,TER_AMA,Combretaceae,Terminalia,amazonia,WIND,Late,<5,1,0,92.91666667
JG,P,NA,C,VIB_COS,Adoxaceae,Viburnum,costaricanum,ZOO,Both,<5,5,0,92.91666667
JG,P,NA,D,ALC_LAT,Euphorbiaceae,Alchornea,latifolia,ZOO,Early,<5,1,0,94.79166667
JG,P,NA,D,CEC_OBT,Urticaceae,Cecropia,obtusifolia,ZOO,Early,<5,39,0,94.79166667
JG,P,NA,D,CEC_PEL,Urticaceae,Cecropia,peltata,ZOO,Both,<5,21,0,94.79166667
JG,P,NA,D,HEL_APP,Malvaceae,Heliocarpus,appendiculatus,WIND,Early,<5,92,0,94.79166667
JG,P,NA,D,KOA_PIT,Asteraceae,Koanophyllon,pittieri,WIND,Early,<5,10,0,94.79166667
JG,P,NA,D,LIP_MYR,Verbenaceae,Lippia,myriocephala,WIND,Early,<5,51,0,94.79166667
JG,P,NA,D,MIC_TRI,Melastomataceae,Miconia,trinervia,ZOO,Early,<5,14,1,94.79166667
JG,P,NA,D,PAL_PAD,Rubiaceae,Palicourea,padifolia,ZOO,Both,<5,3,1,94.79166667
JG,P,NA,D,PSI_GUA,Myrtaceae,Psidium,guajava,ZOO,Early,<5,1,0,94.79166667
JG,P,NA,D,TER_AMA,Combretaceae,Terminalia,amazonia,WIND,Late,<5,1,0,94.79166667
JG,P,NA,D,VIS_BAC,Hypericaceae,Vismia,baccifera,ZOO,Early,<5,2,0,94.79166667
JG,P,NA,D,VOC_GUA,Vochysiaceae,Vochysia,guatemalensis,WIND,Late,>5,1,0,94.79166667
JG,R,NA,A,ALC_LAT,Euphorbiaceae,Alchornea,latifolia,ZOO,Early,<5,4,0,94.1875
JG,R,NA,A,CEC_OBT,Urticaceae,Cecropia,obtusifolia,ZOO,Early,<5,1157,0,94.1875
JG,R,NA,A,CEC_PEL,Urticaceae,Cecropia,peltata,ZOO,Both,<5,106,0,94.1875
JG,R,NA,A,CRO_DRA,Euphorbiaceae,Croton,draco,ZOO,Early,<5,1,0,94.1875
JG,R,NA,A,DEN_SES,Araliaceae,Dendropanax,sessiliflorus,ZOO,Both,<5,3065,0,94.1875
JG,R,NA,A,FIC_COL,Moraceae,Ficus,colubrinae,ZOO,Both,<5,1,0,94.1875
JG,R,NA,A,FIC_HAR,Moraceae,Ficus,hartwegii,ZOO,Both,<5,11,0,94.1875
JG,R,NA,A,GUA_DOL,Annonaceae,Guatteria,dolichopoda,ZOO,Late,<5,7,0,94.1875
JG,R,NA,A,HAM_APP,Malvaceae,Hampea,appendiculata,ZOO,Early,<5,16,0,94.1875
JG,R,NA,A,HEL_APP,Malvaceae,Heliocarpus,appendiculatus,WIND,Early,<5,40,0,94.1875
JG,R,NA,A,ING_PUN,Fabaceae,Inga,punctata,ZOO,Late,>5,5,0,94.1875
JG,R,NA,A,KOA_PIT,Asteraceae,Koanophyllon,pittieri,WIND,Early,<5,620,0,94.1875
JG,R,NA,A,LIP_MYR,Verbenaceae,Lippia,myriocephala,WIND,Early,<5,8466,0,94.1875
JG,R,NA,A,MIC_THE,Melastomataceae,Miconia,theazans,ZOO,Early,<5,220,0,94.1875
JG,R,NA,A,MIC_TRI,Melastomataceae,Miconia,trinervia,ZOO,Early,<5,4029,0,94.1875
JG,R,NA,A,MOL_VIR,Monimiaceae,Mollinedia,viridiflora,ZOO,Late,>5,2,2,94.1875
JG,R,NA,A,MYR_COR,Primulaceae,Myrsine,coriacea,ZOO,Early,<5,1,0,94.1875
JG,R,NA,A,OCO_PUB,Lauraceae,Ocotea,puberula,ZOO,Both,>5,1,4,94.1875
JG,R,NA,A,OTO_NOV,Myristicaceae,Otoba,novogranatensis,ZOO,Both,>5,1,0,94.1875
JG,R,NA,A,PAL_PAD,Rubiaceae,Palicourea,padifolia,ZOO,Both,<5,54,0,94.1875
JG,R,NA,A,PSI_GUA,Myrtaceae,Psidium,guajava,ZOO,Early,<5,2,0,94.1875
JG,R,NA,A,SEN_PAP,Fabaceae,Senna,papillosa,ZOO,Early,<5,4,0,94.1875
JG,R,NA,A,TRO_RAC,Moraceae,Trophis,racemosa,ZOO,Late,>5,2,0,94.1875
JG,R,NA,A,VIB_COS,Adoxaceae,Viburnum,costaricanum,ZOO,Both,<5,12,0,94.1875
JG,R,NA,A,VIS_BAC,Hypericaceae,Vismia,baccifera,ZOO,Early,<5,1,0,94.1875
JG,R,NA,B,ALC_LAT,Euphorbiaceae,Alchornea,latifolia,ZOO,Early,<5,2,0,93.75
JG,R,NA,B,CEC_OBT,Urticaceae,Cecropia,obtusifolia,ZOO,Early,<5,28,0,93.75
JG,R,NA,B,CEC_PEL,Urticaceae,Cecropia,peltata,ZOO,Both,<5,45,0,93.75
JG,R,NA,B,DEN_SES,Araliaceae,Dendropanax,sessiliflorus,ZOO,Both,<5,10,0,93.75
JG,R,NA,B,FIC_COL,Moraceae,Ficus,colubrinae,ZOO,Both,<5,15,0,93.75
JG,R,NA,B,FIC_COS,Moraceae,Ficus,costaricana,ZOO,Both,<5,56,0,93.75
JG,R,NA,B,FIC_HAR,Moraceae,Ficus,hartwegii,ZOO,Both,<5,2,0,93.75
JG,R,NA,B,GUA_DOL,Annonaceae,Guatteria,dolichopoda,ZOO,Late,<5,9,0,93.75
JG,R,NA,B,HAM_APP,Malvaceae,Hampea,appendiculata,ZOO,Early,<5,1,0,93.75
JG,R,NA,B,HEL_APP,Malvaceae,Heliocarpus,appendiculatus,WIND,Early,<5,133,0,93.75
JG,R,NA,B,KOA_PIT,Asteraceae,Koanophyllon,pittieri,WIND,Early,<5,310,0,93.75
JG,R,NA,B,LIP_MYR,Verbenaceae,Lippia,myriocephala,WIND,Early,<5,282,0,93.75
JG,R,NA,B,MIC_SCH,Melastomataceae,Miconia,schlimii,ZOO,Early,<5,350,0,93.75
JG,R,NA,B,MIC_THE,Melastomataceae,Miconia,theazans,ZOO,Early,<5,15,0,93.75
JG,R,NA,B,MIC_TRI,Melastomataceae,Miconia,trinervia,ZOO,Early,<5,1070,0,93.75
JG,R,NA,B,OTO_NOV,Myristicaceae,Otoba,novogranatensis,ZOO,Both,>5,2,3,93.75
JG,R,NA,B,PAL_PAD,Rubiaceae,Palicourea,padifolia,ZOO,Both,<5,62,0,93.75
JG,R,NA,B,PSI_GUA,Myrtaceae,Psidium,guajava,ZOO,Early,<5,2,0,93.75
JG,R,NA,B,SEN_PAP,Fabaceae,Senna,papillosa,ZOO,Early,<5,876,0,93.75
JG,R,NA,B,TRO_MEX,Moraceae,Trophis,mexicana,ZOO,Late,<5,1,1,93.75
JG,R,NA,B,VER_TAP,Asteraceae,Verbesina,tapantiana,WIND,Early,<5,7,0,93.75
JG,R,NA,B,VIB_COS,Adoxaceae,Viburnum,costaricanum,ZOO,Both,<5,7,1,93.75
JG,R,NA,C,ALC_LAT,Euphorbiaceae,Alchornea,latifolia,ZOO,Early,<5,4,0,94.75
JG,R,NA,C,CEC_OBT,Urticaceae,Cecropia,obtusifolia,ZOO,Early,<5,46,0,94.75
JG,R,NA,C,CEC_PEL,Urticaceae,Cecropia,peltata,ZOO,Both,<5,76,0,94.75
JG,R,NA,C,COR_ERI,Boraginaceae,Cordia,eriostigma,ZOO,Late,>5,2,0,94.75
JG,R,NA,C,CRO_DRA,Euphorbiaceae,Croton,draco,ZOO,Early,<5,2,0,94.75
JG,R,NA,C,DEN_SES,Araliaceae,Dendropanax,sessiliflorus,ZOO,Both,<5,2,0,94.75
JG,R,NA,C,FIC_COL,Moraceae,Ficus,colubrinae,ZOO,Both,<5,40,0,94.75
JG,R,NA,C,FIC_HAR,Moraceae,Ficus,hartwegii,ZOO,Both,<5,6,0,94.75
JG,R,NA,C,GUA_DOL,Annonaceae,Guatteria,dolichopoda,ZOO,Late,<5,2,0,94.75
JG,R,NA,C,HAM_APP,Malvaceae,Hampea,appendiculata,ZOO,Early,<5,2,0,94.75
JG,R,NA,C,HEL_APP,Malvaceae,Heliocarpus,appendiculatus,WIND,Early,<5,36,0,94.75
JG,R,NA,C,ING_PUN,Fabaceae,Inga,punctata,ZOO,Late,>5,31,0,94.75
JG,R,NA,C,KOA_PIT,Asteraceae,Koanophyllon,pittieri,WIND,Early,<5,255,0,94.75
JG,R,NA,C,LIP_MYR,Verbenaceae,Lippia,myriocephala,WIND,Early,<5,31,0,94.75
JG,R,NA,C,MIC_SCH,Melastomataceae,Miconia,schlimii,ZOO,Early,<5,15,0,94.75
JG,R,NA,C,MIC_TRI,Melastomataceae,Miconia,trinervia,ZOO,Early,<5,30,0,94.75
JG,R,NA,C,OTO_NOV,Myristicaceae,Otoba,novogranatensis,ZOO,Both,>5,2,5,94.75
JG,R,NA,C,PAL_PAD,Rubiaceae,Palicourea,padifolia,ZOO,Both,<5,5,0,94.75
JG,R,NA,C,PSI_GUA,Myrtaceae,Psidium,guajava,ZOO,Early,<5,1,0,94.75
JG,R,NA,C,SEN_PAP,Fabaceae,Senna,papillosa,ZOO,Early,<5,1,0,94.75
JG,R,NA,C,VIB_COS,Adoxaceae,Viburnum,costaricanum,ZOO,Both,<5,2,0,94.75
JG,R,NA,D,ALC_LAT,Euphorbiaceae,Alchornea,latifolia,ZOO,Early,<5,3,0,93.39583333
JG,R,NA,D,CEC_OBT,Urticaceae,Cecropia,obtusifolia,ZOO,Early,<5,48,0,93.39583333
JG,R,NA,D,CEC_PEL,Urticaceae,Cecropia,peltata,ZOO,Both,<5,53,0,93.39583333
JG,R,NA,D,DEN_SES,Araliaceae,Dendropanax,sessiliflorus,ZOO,Both,<5,4,0,93.39583333
JG,R,NA,D,FIC_AME,Moraceae,Ficus,americana,ZOO,Both,<5,90,0,93.39583333
JG,R,NA,D,FIC_COL,Moraceae,Ficus,colubrinae,ZOO,Both,<5,27,0,93.39583333
JG,R,NA,D,FIC_COS,Moraceae,Ficus,costaricana,ZOO,Both,<5,7,0,93.39583333
JG,R,NA,D,FIC_HAR,Moraceae,Ficus,hartwegii,ZOO,Both,<5,134,0,93.39583333
JG,R,NA,D,GUA_DOL,Annonaceae,Guatteria,dolichopoda,ZOO,Late,<5,5,0,93.39583333
JG,R,NA,D,HAM_APP,Malvaceae,Hampea,appendiculata,ZOO,Early,<5,2,0,93.39583333
JG,R,NA,D,HEL_APP,Malvaceae,Heliocarpus,appendiculatus,WIND,Early,<5,6,0,93.39583333
JG,R,NA,D,ING_PUN,Fabaceae,Inga,punctata,ZOO,Late,>5,1,0,93.39583333
JG,R,NA,D,KOA_PIT,Asteraceae,Koanophyllon,pittieri,WIND,Early,<5,46,0,93.39583333
JG,R,NA,D,LIP_MYR,Verbenaceae,Lippia,myriocephala,WIND,Early,<5,373,0,93.39583333
JG,R,NA,D,MIC_TRI,Melastomataceae,Miconia,trinervia,ZOO,Early,<5,48,0,93.39583333
JG,R,NA,D,OTO_NOV,Myristicaceae,Otoba,novogranatensis,ZOO,Both,>5,94,2,93.39583333
JG,R,NA,D,PAL_PAD,Rubiaceae,Palicourea,padifolia,ZOO,Both,<5,6,0,93.39583333
JG,R,NA,D,PSI_GUA,Myrtaceae,Psidium,guajava,ZOO,Early,<5,8,0,93.39583333
JG,R,NA,D,SEN_PAP,Fabaceae,Senna,papillosa,ZOO,Early,<5,4,0,93.39583333
JG,R,NA,D,TRO_MEX,Moraceae,Trophis,mexicana,ZOO,Late,<5,17,0,93.39583333
JG,R,NA,D,TRO_RAC,Moraceae,Trophis,racemosa,ZOO,Late,>5,1,0,93.39583333
JG,R,NA,D,VIB_COS,Adoxaceae,Viburnum,costaricanum,ZOO,Both,<5,2,0,93.39583333
JG,R,NA,D,VIS_BAC,Hypericaceae,Vismia,baccifera,ZOO,Early,<5,1,0,93.39583333
MM,NR,NA,A,CEC_OBT,Urticaceae,Cecropia,obtusifolia,ZOO,Early,<5,434,0,58.8125
MM,NR,NA,A,CEC_PEL,Urticaceae,Cecropia,peltata,ZOO,Both,<5,297,0,58.8125
MM,NR,NA,A,FIC_HAR,Moraceae,Ficus,hartwegii,ZOO,Both,<5,5,0,58.8125
MM,NR,NA,A,HEL_APP,Malvaceae,Heliocarpus,appendiculatus,WIND,Early,<5,12343,0,58.8125
MM,NR,NA,A,KOA_PIT,Asteraceae,Koanophyllon,pittieri,WIND,Early,<5,166,0,58.8125
MM,NR,NA,A,LIP_MYR,Verbenaceae,Lippia,myriocephala,WIND,Early,<5,1662,0,58.8125
MM,NR,NA,A,MIC_TRI,Melastomataceae,Miconia,trinervia,ZOO,Early,<5,4,0,58.8125
MM,NR,NA,A,PAL_PAD,Rubiaceae,Palicourea,padifolia,ZOO,Both,<5,1,0,58.8125
MM,NR,NA,A,TER_AMA,Combretaceae,Terminalia,amazonia,WIND,Late,<5,1,0,58.8125
MM,NR,NA,A,VER_TAP,Asteraceae,Verbesina,tapantiana,WIND,Early,<5,69,0,58.8125
MM,NR,NA,B,CAR_CAU,Caricaceae,Carica,cauliflora,ZOO,Early,<5,2,0,65.58333333
MM,NR,NA,B,CEC_OBT,Urticaceae,Cecropia,obtusifolia,ZOO,Early,<5,119,0,65.58333333
MM,NR,NA,B,CEC_PEL,Urticaceae,Cecropia,peltata,ZOO,Both,<5,27,0,65.58333333
MM,NR,NA,B,COR_ERI,Boraginaceae,Cordia,eriostigma,ZOO,Late,>5,1,0,65.58333333
MM,NR,NA,B,HAM_APP,Malvaceae,Hampea,appendiculata,ZOO,Early,<5,8,0,65.58333333
MM,NR,NA,B,HEL_APP,Malvaceae,Heliocarpus,appendiculatus,WIND,Early,<5,5656,0,65.58333333
MM,NR,NA,B,KOA_PIT,Asteraceae,Koanophyllon,pittieri,WIND,Early,<5,157,0,65.58333333
MM,NR,NA,B,LIP_MYR,Verbenaceae,Lippia,myriocephala,WIND,Early,<5,454,0,65.58333333
MM,NR,NA,B,MIC_SCH,Melastomataceae,Miconia,schlimii,ZOO,Early,<5,9,0,65.58333333
MM,NR,NA,B,MIC_TRI,Melastomataceae,Miconia,trinervia,ZOO,Early,<5,19,0,65.58333333
MM,NR,NA,B,MYR_COR,Primulaceae,Myrsine,coriacea,ZOO,Early,<5,1,0,65.58333333
MM,NR,NA,B,PAL_PAD,Rubiaceae,Palicourea,padifolia,ZOO,Both,<5,2,0,65.58333333
MM,NR,NA,B,SEN_PAP,Fabaceae,Senna,papillosa,ZOO,Early,<5,1,0,65.58333333
MM,NR,NA,B,STA_OCC,Staphyleaceae,Staphylea,occidentalis,ZOO,Early,>5,1,0,65.58333333
MM,NR,NA,B,VER_TAP,Asteraceae,Verbesina,tapantiana,WIND,Early,<5,40,0,65.58333333
MM,NR,NA,C,ALC_LAT,Euphorbiaceae,Alchornea,latifolia,ZOO,Early,<5,1,0,66.10416667
MM,NR,NA,C,CEC_OBT,Urticaceae,Cecropia,obtusifolia,ZOO,Early,<5,216,0,66.10416667
MM,NR,NA,C,CEC_PEL,Urticaceae,Cecropia,peltata,ZOO,Both,<5,19,0,66.10416667
MM,NR,NA,C,CON_XAL,Melastomataceae,Conostegia,xalapensis,ZOO,Early,<5,2,0,66.10416667
MM,NR,NA,C,CRO_DRA,Euphorbiaceae,Croton,draco,ZOO,Early,<5,2,0,66.10416667
MM,NR,NA,C,HAM_APP,Malvaceae,Hampea,appendiculata,ZOO,Early,<5,7,0,66.10416667
MM,NR,NA,C,HEL_APP,Malvaceae,Heliocarpus,appendiculatus,WIND,Early,<5,7438,0,66.10416667
MM,NR,NA,C,KOA_PIT,Asteraceae,Koanophyllon,pittieri,WIND,Early,<5,331,0,66.10416667
MM,NR,NA,C,LIP_MYR,Verbenaceae,Lippia,myriocephala,WIND,Early,<5,107,0,66.10416667
MM,NR,NA,C,MIC_TRI,Melastomataceae,Miconia,trinervia,ZOO,Early,<5,2,0,66.10416667
MM,NR,NA,C,PAL_PAD,Rubiaceae,Palicourea,padifolia,ZOO,Both,<5,7,1,66.10416667
MM,NR,NA,C,PSI_GUA,Myrtaceae,Psidium,guajava,ZOO,Early,<5,1,0,66.10416667
MM,NR,NA,C,STA_OCC,Staphyleaceae,Staphylea,occidentalis,ZOO,Early,>5,3,0,66.10416667
MM,NR,NA,C,VER_TAP,Asteraceae,Verbesina,tapantiana,WIND,Early,<5,7,0,66.10416667
MM,NR,NA,D,CEC_OBT,Urticaceae,Cecropia,obtusifolia,ZOO,Early,<5,204,0,22.14583333
MM,NR,NA,D,CEC_PEL,Urticaceae,Cecropia,peltata,ZOO,Both,<5,8,0,22.14583333
MM,NR,NA,D,DEN_SES,Araliaceae,Dendropanax,sessiliflorus,ZOO,Both,<5,3,0,22.14583333
MM,NR,NA,D,HAM_APP,Malvaceae,Hampea,appendiculata,ZOO,Early,<5,2,1,22.14583333
MM,NR,NA,D,HEL_APP,Malvaceae,Heliocarpus,appendiculatus,WIND,Early,<5,5271,2,22.14583333
MM,NR,NA,D,KOA_PIT,Asteraceae,Koanophyllon,pittieri,WIND,Early,<5,259,0,22.14583333
MM,NR,NA,D,LIP_MYR,Verbenaceae,Lippia,myriocephala,WIND,Early,<5,67,0,22.14583333
MM,NR,NA,D,MIC_TRI,Melastomataceae,Miconia,trinervia,ZOO,Early,<5,2,0,22.14583333
MM,NR,NA,D,PAL_PAD,Rubiaceae,Palicourea,padifolia,ZOO,Both,<5,6,0,22.14583333
MM,NR,NA,D,VER_TAP,Asteraceae,Verbesina,tapantiana,WIND,Early,<5,3,0,22.14583333
MM,AN,L,A,ALC_LAT,Euphorbiaceae,Alchornea,latifolia,ZOO,Early,<5,1,0,93.25
MM,AN,L,A,CEC_OBT,Urticaceae,Cecropia,obtusifolia,ZOO,Early,<5,291,0,93.25
MM,AN,L,A,CEC_PEL,Urticaceae,Cecropia,peltata,ZOO,Both,<5,6,0,93.25
MM,AN,L,A,CRO_DRA,Euphorbiaceae,Croton,draco,ZOO,Early,<5,1,0,93.25
MM,AN,L,A,DEN_SES,Araliaceae,Dendropanax,sessiliflorus,ZOO,Both,<5,6,0,93.25
MM,AN,L,A,FIC_AME,Moraceae,Ficus,americana,ZOO,Both,<5,20,0,93.25
MM,AN,L,A,FIC_COL,Moraceae,Ficus,colubrinae,ZOO,Both,<5,23,0,93.25
MM,AN,L,A,FIC_COS,Moraceae,Ficus,costaricana,ZOO,Both,<5,3,0,93.25
MM,AN,L,A,FIC_HAR,Moraceae,Ficus,hartwegii,ZOO,Both,<5,30,0,93.25
MM,AN,L,A,HAM_APP,Malvaceae,Hampea,appendiculata,ZOO,Early,<5,22,0,93.25
MM,AN,L,A,HEL_APP,Malvaceae,Heliocarpus,appendiculatus,WIND,Early,<5,2613,0,93.25
MM,AN,L,A,KOA_PIT,Asteraceae,Koanophyllon,pittieri,WIND,Early,<5,330,0,93.25
MM,AN,L,A,LIP_MYR,Verbenaceae,Lippia,myriocephala,WIND,Early,<5,14,0,93.25
MM,AN,L,A,MIC_SCH,Melastomataceae,Miconia,schlimii,ZOO,Early,<5,360,0,93.25
MM,AN,L,A,MIC_TRI,Melastomataceae,Miconia,trinervia,ZOO,Early,<5,4,0,93.25
MM,AN,L,A,MYR_COR,Primulaceae,Myrsine,coriacea,ZOO,Early,<5,1,0,93.25
MM,AN,L,A,OCO_PUB,Lauraceae,Ocotea,puberula,ZOO,Both,>5,1,7,93.25
MM,AN,L,A,VER_TAP,Asteraceae,Verbesina,tapantiana,WIND,Early,<5,97,0,93.25
MM,AN,L,B,ALC_LAT,Euphorbiaceae,Alchornea,latifolia,ZOO,Early,<5,1,0,89.67647059
MM,AN,L,B,CEC_OBT,Urticaceae,Cecropia,obtusifolia,ZOO,Early,<5,986,0,89.67647059
MM,AN,L,B,CEC_PEL,Urticaceae,Cecropia,peltata,ZOO,Both,<5,73,0,89.67647059
MM,AN,L,B,FIC_COL,Moraceae,Ficus,colubrinae,ZOO,Both,<5,11,0,89.67647059
MM,AN,L,B,FIC_COS,Moraceae,Ficus,costaricana,ZOO,Both,<5,180,0,89.67647059
MM,AN,L,B,FIC_HAR,Moraceae,Ficus,hartwegii,ZOO,Both,<5,6,0,89.67647059
MM,AN,L,B,HEL_APP,Malvaceae,Heliocarpus,appendiculatus,WIND,Early,<5,3681,0,89.67647059
MM,AN,L,B,KOA_PIT,Asteraceae,Koanophyllon,pittieri,WIND,Early,<5,745,0,89.67647059
MM,AN,L,B,LIP_MYR,Verbenaceae,Lippia,myriocephala,WIND,Early,<5,7,0,89.67647059
MM,AN,L,B,MIC_SCH,Melastomataceae,Miconia,schlimii,ZOO,Early,<5,18633,0,89.67647059
MM,AN,L,B,MIC_TRI,Melastomataceae,Miconia,trinervia,ZOO,Early,<5,24,0,89.67647059
MM,AN,L,B,PAL_PAD,Rubiaceae,Palicourea,padifolia,ZOO,Both,<5,5,0,89.67647059
MM,AN,L,B,SEN_PAP,Fabaceae,Senna,papillosa,ZOO,Early,<5,1,0,89.67647059
MM,AN,L,B,VER_TAP,Asteraceae,Verbesina,tapantiana,WIND,Early,<5,12,0,89.67647059
MM,AN,M,C,ALL_PSI,Sapindaceae,Allophylus,psilospermus,ZOO,Late,>5,2,3,91.36666667
MM,AN,M,C,CEC_OBT,Urticaceae,Cecropia,obtusifolia,ZOO,Early,<5,121,0,91.36666667
MM,AN,M,C,CEC_PEL,Urticaceae,Cecropia,peltata,ZOO,Both,<5,3,0,91.36666667
MM,AN,M,C,CRO_DRA,Euphorbiaceae,Croton,draco,ZOO,Early,<5,12,0,91.36666667
MM,AN,M,C,DEN_SES,Araliaceae,Dendropanax,sessiliflorus,ZOO,Both,<5,1,0,91.36666667
MM,AN,M,C,FIC_COL,Moraceae,Ficus,colubrinae,ZOO,Both,<5,5,0,91.36666667
MM,AN,M,C,FIC_HAR,Moraceae,Ficus,hartwegii,ZOO,Both,<5,11,0,91.36666667
MM,AN,M,C,HAM_APP,Malvaceae,Hampea,appendiculata,ZOO,Early,<5,10,0,91.36666667
MM,AN,M,C,HEL_APP,Malvaceae,Heliocarpus,appendiculatus,WIND,Early,<5,2767,0,91.36666667
MM,AN,M,C,KOA_PIT,Asteraceae,Koanophyllon,pittieri,WIND,Early,<5,171,0,91.36666667
MM,AN,M,C,LIP_MYR,Verbenaceae,Lippia,myriocephala,WIND,Early,<5,15,0,91.36666667
MM,AN,M,C,MIC_TRI,Melastomataceae,Miconia,trinervia,ZOO,Early,<5,1,0,91.36666667
MM,AN,M,C,OCO_PUB,Lauraceae,Ocotea,puberula,ZOO,Both,>5,1,4,91.36666667
MM,AN,M,C,VER_TAP,Asteraceae,Verbesina,tapantiana,WIND,Early,<5,10,0,91.36666667
MM,AN,M,C,VIS_BAC,Hypericaceae,Vismia,baccifera,ZOO,Early,<5,1,0,91.36666667
MM,AN,M,D,CEC_OBT,Urticaceae,Cecropia,obtusifolia,ZOO,Early,<5,1228,0,78.91071429
MM,AN,M,D,CRO_DRA,Euphorbiaceae,Croton,draco,ZOO,Early,<5,2,0,78.91071429
MM,AN,M,D,DEN_SES,Araliaceae,Dendropanax,sessiliflorus,ZOO,Both,<5,6,1,78.91071429
MM,AN,M,D,FIC_COL,Moraceae,Ficus,colubrinae,ZOO,Both,<5,500,0,78.91071429
MM,AN,M,D,HAM_APP,Malvaceae,Hampea,appendiculata,ZOO,Early,<5,2,0,78.91071429
MM,AN,M,D,HEL_APP,Malvaceae,Heliocarpus,appendiculatus,WIND,Early,<5,8592,0,78.91071429
MM,AN,M,D,KOA_PIT,Asteraceae,Koanophyllon,pittieri,WIND,Early,<5,314,0,78.91071429
MM,AN,M,D,LIP_MYR,Verbenaceae,Lippia,myriocephala,WIND,Early,<5,13,0,78.91071429
MM,AN,M,D,MIC_TRI,Melastomataceae,Miconia,trinervia,ZOO,Early,<5,1,0,78.91071429
MM,AN,M,D,PSI_GUA,Myrtaceae,Psidium,guajava,ZOO,Early,<5,42,0,78.91071429
MM,AN,M,D,VER_TAP,Asteraceae,Verbesina,tapantiana,WIND,Early,<5,389,0,78.91071429
MM,P,NA,A,ALC_LAT,Euphorbiaceae,Alchornea,latifolia,ZOO,Early,<5,3,0,93.4375
MM,P,NA,A,CEC_OBT,Urticaceae,Cecropia,obtusifolia,ZOO,Early,<5,531,0,93.4375
MM,P,NA,A,CEC_PEL,Urticaceae,Cecropia,peltata,ZOO,Both,<5,46,0,93.4375
MM,P,NA,A,CON_XAL,Melastomataceae,Conostegia,xalapensis,ZOO,Early,<5,2,0,93.4375
MM,P,NA,A,CRO_DRA,Euphorbiaceae,Croton,draco,ZOO,Early,<5,15,0,93.4375
MM,P,NA,A,DEN_SES,Araliaceae,Dendropanax,sessiliflorus,ZOO,Both,<5,4,0,93.4375
MM,P,NA,A,FIC_COL,Moraceae,Ficus,colubrinae,ZOO,Both,<5,1,0,93.4375
MM,P,NA,A,FIC_HAR,Moraceae,Ficus,hartwegii,ZOO,Both,<5,8,0,93.4375
MM,P,NA,A,HEL_APP,Malvaceae,Heliocarpus,appendiculatus,WIND,Early,<5,2911,0,93.4375
MM,P,NA,A,KOA_PIT,Asteraceae,Koanophyllon,pittieri,WIND,Early,<5,1088,0,93.4375
MM,P,NA,A,LIP_MYR,Verbenaceae,Lippia,myriocephala,WIND,Early,<5,330,0,93.4375
MM,P,NA,A,MIC_SCH,Melastomataceae,Miconia,schlimii,ZOO,Early,<5,750,0,93.4375
MM,P,NA,A,MIC_TRI,Melastomataceae,Miconia,trinervia,ZOO,Early,<5,6,1,93.4375
MM,P,NA,A,MYR_COR,Primulaceae,Myrsine,coriacea,ZOO,Early,<5,1,0,93.4375
MM,P,NA,A,VER_TAP,Asteraceae,Verbesina,tapantiana,WIND,Early,<5,521,0,93.4375
MM,P,NA,B,ALC_LAT,Euphorbiaceae,Alchornea,latifolia,ZOO,Early,<5,10,0,95.58333333
MM,P,NA,B,CEC_OBT,Urticaceae,Cecropia,obtusifolia,ZOO,Early,<5,236,0,95.58333333
MM,P,NA,B,CEC_PEL,Urticaceae,Cecropia,peltata,ZOO,Both,<5,2,0,95.58333333
MM,P,NA,B,CON_XAL,Melastomataceae,Conostegia,xalapensis,ZOO,Early,<5,3,0,95.58333333
MM,P,NA,B,CRO_DRA,Euphorbiaceae,Croton,draco,ZOO,Early,<5,514,0,95.58333333
MM,P,NA,B,FIC_COL,Moraceae,Ficus,colubrinae,ZOO,Both,<5,59,0,95.58333333
MM,P,NA,B,FIC_HAR,Moraceae,Ficus,hartwegii,ZOO,Both,<5,70,0,95.58333333
MM,P,NA,B,HAM_APP,Malvaceae,Hampea,appendiculata,ZOO,Early,<5,2,1,95.58333333
MM,P,NA,B,HEL_APP,Malvaceae,Heliocarpus,appendiculatus,WIND,Early,<5,1406,0,95.58333333
MM,P,NA,B,KOA_PIT,Asteraceae,Koanophyllon,pittieri,WIND,Early,<5,638,0,95.58333333
MM,P,NA,B,LIP_MYR,Verbenaceae,Lippia,myriocephala,WIND,Early,<5,35,0,95.58333333
MM,P,NA,B,MIC_SCH,Melastomataceae,Miconia,schlimii,ZOO,Early,<5,364,0,95.58333333
MM,P,NA,B,MIC_TRI,Melastomataceae,Miconia,trinervia,ZOO,Early,<5,2,0,95.58333333
MM,P,NA,B,SEN_PAP,Fabaceae,Senna,papillosa,ZOO,Early,<5,1,0,95.58333333
MM,P,NA,B,TER_AMA,Combretaceae,Terminalia,amazonia,WIND,Late,<5,1,0,95.58333333
MM,P,NA,B,VER_TAP,Asteraceae,Verbesina,tapantiana,WIND,Early,<5,111,0,95.58333333
MM,P,NA,B,VOC_GUA,Vochysiaceae,Vochysia,guatemalensis,WIND,Late,>5,4,0,95.58333333
MM,P,NA,C,ALC_LAT,Euphorbiaceae,Alchornea,latifolia,ZOO,Early,<5,6,0,95.47916667
MM,P,NA,C,CEC_OBT,Urticaceae,Cecropia,obtusifolia,ZOO,Early,<5,556,0,95.47916667
MM,P,NA,C,CEC_PEL,Urticaceae,Cecropia,peltata,ZOO,Both,<5,18,0,95.47916667
MM,P,NA,C,CON_XAL,Melastomataceae,Conostegia,xalapensis,ZOO,Early,<5,1,0,95.47916667
MM,P,NA,C,CRO_DRA,Euphorbiaceae,Croton,draco,ZOO,Early,<5,19,0,95.47916667
MM,P,NA,C,DEN_SES,Araliaceae,Dendropanax,sessiliflorus,ZOO,Both,<5,39,0,95.47916667
MM,P,NA,C,FIC_AME,Moraceae,Ficus,americana,ZOO,Both,<5,5,0,95.47916667
MM,P,NA,C,FIC_COL,Moraceae,Ficus,colubrinae,ZOO,Both,<5,6,0,95.47916667
MM,P,NA,C,HEL_APP,Malvaceae,Heliocarpus,appendiculatus,WIND,Early,<5,1464,0,95.47916667
MM,P,NA,C,ING_EDU,Fabaceae,Inga,edulis,ZOO,Late,>5,1,0,95.47916667
MM,P,NA,C,KOA_PIT,Asteraceae,Koanophyllon,pittieri,WIND,Early,<5,440,0,95.47916667
MM,P,NA,C,LIP_MYR,Verbenaceae,Lippia,myriocephala,WIND,Early,<5,52,0,95.47916667
MM,P,NA,C,MIC_TRI,Melastomataceae,Miconia,trinervia,ZOO,Early,<5,3,0,95.47916667
MM,P,NA,C,PSI_GUA,Myrtaceae,Psidium,guajava,ZOO,Early,<5,6,0,95.47916667
MM,P,NA,C,SEN_PAP,Fabaceae,Senna,papillosa,ZOO,Early,<5,3,0,95.47916667
MM,P,NA,C,STA_OCC,Staphyleaceae,Staphylea,occidentalis,ZOO,Early,>5,1,0,95.47916667
MM,P,NA,C,TER_AMA,Combretaceae,Terminalia,amazonia,WIND,Late,<5,2,0,95.47916667
MM,P,NA,C,VER_TAP,Asteraceae,Verbesina,tapantiana,WIND,Early,<5,13,0,95.47916667
MM,P,NA,C,VOC_GUA,Vochysiaceae,Vochysia,guatemalensis,WIND,Late,>5,8,0,95.47916667
MM,P,NA,D,ALC_LAT,Euphorbiaceae,Alchornea,latifolia,ZOO,Early,<5,3,0,94.75
MM,P,NA,D,CEC_OBT,Urticaceae,Cecropia,obtusifolia,ZOO,Early,<5,788,0,94.75
MM,P,NA,D,CEC_PEL,Urticaceae,Cecropia,peltata,ZOO,Both,<5,6,0,94.75
MM,P,NA,D,CON_XAL,Melastomataceae,Conostegia,xalapensis,ZOO,Early,<5,5,0,94.75
MM,P,NA,D,COR_ERI,Boraginaceae,Cordia,eriostigma,ZOO,Late,>5,1,0,94.75
MM,P,NA,D,CRO_DRA,Euphorbiaceae,Croton,draco,ZOO,Early,<5,4,0,94.75
MM,P,NA,D,DEN_SES,Araliaceae,Dendropanax,sessiliflorus,ZOO,Both,<5,2,0,94.75
MM,P,NA,D,FIC_AME,Moraceae,Ficus,americana,ZOO,Both,<5,21,0,94.75
MM,P,NA,D,FIC_COL,Moraceae,Ficus,colubrinae,ZOO,Both,<5,2,0,94.75
MM,P,NA,D,FIC_HAR,Moraceae,Ficus,hartwegii,ZOO,Both,<5,21,0,94.75
MM,P,NA,D,HEL_APP,Malvaceae,Heliocarpus,appendiculatus,WIND,Early,<5,1354,0,94.75
MM,P,NA,D,KOA_PIT,Asteraceae,Koanophyllon,pittieri,WIND,Early,<5,245,0,94.75
MM,P,NA,D,LIP_MYR,Verbenaceae,Lippia,myriocephala,WIND,Early,<5,23,0,94.75
MM,P,NA,D,MIC_TRI,Melastomataceae,Miconia,trinervia,ZOO,Early,<5,3,0,94.75
MM,P,NA,D,VER_TAP,Asteraceae,Verbesina,tapantiana,WIND,Early,<5,13,0,94.75
MM,R,NA,A,ALC_LAT,Euphorbiaceae,Alchornea,latifolia,ZOO,Early,<5,6,0,92.1875
MM,R,NA,A,CEC_OBT,Urticaceae,Cecropia,obtusifolia,ZOO,Early,<5,463,0,92.1875
MM,R,NA,A,CEC_PEL,Urticaceae,Cecropia,peltata,ZOO,Both,<5,251,0,92.1875
MM,R,NA,A,COR_ERI,Boraginaceae,Cordia,eriostigma,ZOO,Late,>5,1,0,92.1875
MM,R,NA,A,CRO_DRA,Euphorbiaceae,Croton,draco,ZOO,Early,<5,1,0,92.1875
MM,R,NA,A,DEN_SES,Araliaceae,Dendropanax,sessiliflorus,ZOO,Both,<5,2,0,92.1875
MM,R,NA,A,FIC_COL,Moraceae,Ficus,colubrinae,ZOO,Both,<5,92,0,92.1875
MM,R,NA,A,FIC_HAR,Moraceae,Ficus,hartwegii,ZOO,Both,<5,35,0,92.1875
MM,R,NA,A,GOR_FRU,Theaceae,Gordonia,fruticosa,WIND,Late,<5,4,0,92.1875
MM,R,NA,A,HEL_APP,Malvaceae,Heliocarpus,appendiculatus,WIND,Early,<5,2089,0,92.1875
MM,R,NA,A,ING_PUN,Fabaceae,Inga,punctata,ZOO,Late,>5,18,0,92.1875
MM,R,NA,A,KOA_PIT,Asteraceae,Koanophyllon,pittieri,WIND,Early,<5,143,0,92.1875
MM,R,NA,A,LIP_MYR,Verbenaceae,Lippia,myriocephala,WIND,Early,<5,3224,0,92.1875
MM,R,NA,A,MIC_TRI,Melastomataceae,Miconia,trinervia,ZOO,Early,<5,69,0,92.1875
MM,R,NA,A,OCO_PUB,Lauraceae,Ocotea,puberula,ZOO,Both,>5,2,2,92.1875
MM,R,NA,A,PAL_PAD,Rubiaceae,Palicourea,padifolia,ZOO,Both,<5,4,0,92.1875
MM,R,NA,A,SEN_PAP,Fabaceae,Senna,papillosa,ZOO,Early,<5,3,0,92.1875
MM,R,NA,A,VER_TAP,Asteraceae,Verbesina,tapantiana,WIND,Early,<5,31,0,92.1875
MM,R,NA,A,VOC_GUA,Vochysiaceae,Vochysia,guatemalensis,WIND,Late,>5,1,0,92.1875
MM,R,NA,B,ALC_LAT,Euphorbiaceae,Alchornea,latifolia,ZOO,Early,<5,1,0,91.10416667
MM,R,NA,B,ALL_PSI,Sapindaceae,Allophylus,psilospermus,ZOO,Late,>5,14,0,91.10416667
MM,R,NA,B,CEC_OBT,Urticaceae,Cecropia,obtusifolia,ZOO,Early,<5,246,0,91.10416667
MM,R,NA,B,CEC_PEL,Urticaceae,Cecropia,peltata,ZOO,Both,<5,57,0,91.10416667
MM,R,NA,B,CRO_DRA,Euphorbiaceae,Croton,draco,ZOO,Early,<5,1,0,91.10416667
MM,R,NA,B,DEN_SES,Araliaceae,Dendropanax,sessiliflorus,ZOO,Both,<5,12,0,91.10416667
MM,R,NA,B,GUA_DOL,Annonaceae,Guatteria,dolichopoda,ZOO,Late,<5,1,0,91.10416667
MM,R,NA,B,HEL_APP,Malvaceae,Heliocarpus,appendiculatus,WIND,Early,<5,2463,0,91.10416667
MM,R,NA,B,KOA_PIT,Asteraceae,Koanophyllon,pittieri,WIND,Early,<5,454,0,91.10416667
MM,R,NA,B,LIP_MYR,Verbenaceae,Lippia,myriocephala,WIND,Early,<5,105,0,91.10416667
MM,R,NA,B,MIC_TRI,Melastomataceae,Miconia,trinervia,ZOO,Early,<5,19,0,91.10416667
MM,R,NA,B,MOL_VIR,Monimiaceae,Mollinedia,viridiflora,ZOO,Late,>5,1,1,91.10416667
MM,R,NA,B,PSI_GUA,Myrtaceae,Psidium,guajava,ZOO,Early,<5,11,0,91.10416667
MM,R,NA,B,VER_TAP,Asteraceae,Verbesina,tapantiana,WIND,Early,<5,283,0,91.10416667
MM,R,NA,B,VIS_BAC,Hypericaceae,Vismia,baccifera,ZOO,Early,<5,1,0,91.10416667
MM,R,NA,C,ALC_LAT,Euphorbiaceae,Alchornea,latifolia,ZOO,Early,<5,23,0,90.33333333
MM,R,NA,C,ALL_PSI,Sapindaceae,Allophylus,psilospermus,ZOO,Late,>5,198,0,90.33333333
MM,R,NA,C,CAR_CAU,Caricaceae,Carica,cauliflora,ZOO,Early,<5,3,0,90.33333333
MM,R,NA,C,CEC_OBT,Urticaceae,Cecropia,obtusifolia,ZOO,Early,<5,1159,0,90.33333333
MM,R,NA,C,CEC_PEL,Urticaceae,Cecropia,peltata,ZOO,Both,<5,82,0,90.33333333
MM,R,NA,C,COR_ERI,Boraginaceae,Cordia,eriostigma,ZOO,Late,>5,2,0,90.33333333
MM,R,NA,C,CRO_DRA,Euphorbiaceae,Croton,draco,ZOO,Early,<5,5,0,90.33333333
MM,R,NA,C,DEN_SES,Araliaceae,Dendropanax,sessiliflorus,ZOO,Both,<5,5,0,90.33333333
MM,R,NA,C,FIC_COL,Moraceae,Ficus,colubrinae,ZOO,Both,<5,5,0,90.33333333
MM,R,NA,C,FIC_HAR,Moraceae,Ficus,hartwegii,ZOO,Both,<5,20,0,90.33333333
MM,R,NA,C,GUA_DOL,Annonaceae,Guatteria,dolichopoda,ZOO,Late,<5,1,0,90.33333333
MM,R,NA,C,HEL_APP,Malvaceae,Heliocarpus,appendiculatus,WIND,Early,<5,765,0,90.33333333
MM,R,NA,C,KOA_PIT,Asteraceae,Koanophyllon,pittieri,WIND,Early,<5,560,0,90.33333333
MM,R,NA,C,LIP_MYR,Verbenaceae,Lippia,myriocephala,WIND,Early,<5,80,0,90.33333333
MM,R,NA,C,MIC_TRI,Melastomataceae,Miconia,trinervia,ZOO,Early,<5,12,0,90.33333333
MM,R,NA,C,MOL_VIR,Monimiaceae,Mollinedia,viridiflora,ZOO,Late,>5,21,1,90.33333333
MM,R,NA,C,OCO_PUB,Lauraceae,Ocotea,puberula,ZOO,Both,>5,2,3,90.33333333
MM,R,NA,C,OTO_NOV,Myristicaceae,Otoba,novogranatensis,ZOO,Both,>5,1,0,90.33333333
MM,R,NA,C,PSE_GLA,Moraceae,Pseudolmedia,glabrata,ZOO,Late,>5,1,0,90.33333333
MM,R,NA,C,PSI_GUA,Myrtaceae,Psidium,guajava,ZOO,Early,<5,3,0,90.33333333
MM,R,NA,C,SEN_PAP,Fabaceae,Senna,papillosa,ZOO,Early,<5,1,0,90.33333333
MM,R,NA,C,VER_TAP,Asteraceae,Verbesina,tapantiana,WIND,Early,<5,608,0,90.33333333
MM,R,NA,C,VIS_BAC,Hypericaceae,Vismia,baccifera,ZOO,Early,<5,1,0,90.33333333
MM,R,NA,C,VOC_GUA,Vochysiaceae,Vochysia,guatemalensis,WIND,Late,>5,3,0,90.33333333
MM,R,NA,D,ALC_LAT,Euphorbiaceae,Alchornea,latifolia,ZOO,Early,<5,9,0,92.60416667
MM,R,NA,D,ALL_PSI,Sapindaceae,Allophylus,psilospermus,ZOO,Late,>5,6,0,92.60416667
MM,R,NA,D,CEC_OBT,Urticaceae,Cecropia,obtusifolia,ZOO,Early,<5,1157,0,92.60416667
MM,R,NA,D,CEC_PEL,Urticaceae,Cecropia,peltata,ZOO,Both,<5,2,0,92.60416667
MM,R,NA,D,DEN_SES,Araliaceae,Dendropanax,sessiliflorus,ZOO,Both,<5,33,0,92.60416667
MM,R,NA,D,FIC_COL,Moraceae,Ficus,colubrinae,ZOO,Both,<5,11,0,92.60416667
MM,R,NA,D,FIC_HAR,Moraceae,Ficus,hartwegii,ZOO,Both,<5,701,0,92.60416667
MM,R,NA,D,GUA_DOL,Annonaceae,Guatteria,dolichopoda,ZOO,Late,<5,1,0,92.60416667
MM,R,NA,D,HAM_APP,Malvaceae,Hampea,appendiculata,ZOO,Early,<5,1,0,92.60416667
MM,R,NA,D,HEL_APP,Malvaceae,Heliocarpus,appendiculatus,WIND,Early,<5,1367,0,92.60416667
MM,R,NA,D,KOA_PIT,Asteraceae,Koanophyllon,pittieri,WIND,Early,<5,659,0,92.60416667
MM,R,NA,D,LIP_MYR,Verbenaceae,Lippia,myriocephala,WIND,Early,<5,52,0,92.60416667
MM,R,NA,D,MIC_TRI,Melastomataceae,Miconia,trinervia,ZOO,Early,<5,3,0,92.60416667
MM,R,NA,D,OCO_PUB,Lauraceae,Ocotea,puberula,ZOO,Both,>5,7,1,92.60416667
MM,R,NA,D,OTO_NOV,Myristicaceae,Otoba,novogranatensis,ZOO,Both,>5,3,0,92.60416667
MM,R,NA,D,PSI_GUA,Myrtaceae,Psidium,guajava,ZOO,Early,<5,1,0,92.60416667
MM,R,NA,D,TRO_MEX,Moraceae,Trophis,mexicana,ZOO,Late,<5,4,0,92.60416667
MM,R,NA,D,VER_TAP,Asteraceae,Verbesina,tapantiana,WIND,Early,<5,769,0,92.60416667
SG,NR,NA,A,CEC_OBT,Urticaceae,Cecropia,obtusifolia,ZOO,Early,<5,22,0,30.45833333
SG,NR,NA,A,CEC_PEL,Urticaceae,Cecropia,peltata,ZOO,Both,<5,3,0,30.45833333
SG,NR,NA,A,CON_XAL,Melastomataceae,Conostegia,xalapensis,ZOO,Early,<5,3,0,30.45833333
SG,NR,NA,A,CRO_DRA,Euphorbiaceae,Croton,draco,ZOO,Early,<5,63,0,30.45833333
SG,NR,NA,A,ERY_POE,Fabaceae,Erythrina,poeppigiana,WIND,NA,>5,4,0,30.45833333
SG,NR,NA,A,HEL_APP,Malvaceae,Heliocarpus,appendiculatus,WIND,Early,<5,276,0,30.45833333
SG,NR,NA,A,KOA_PIT,Asteraceae,Koanophyllon,pittieri,WIND,Early,<5,8,0,30.45833333
SG,NR,NA,A,LIP_MYR,Verbenaceae,Lippia,myriocephala,WIND,Early,<5,28,0,30.45833333
SG,NR,NA,A,MIC_TRI,Melastomataceae,Miconia,trinervia,ZOO,Early,<5,1,0,30.45833333
SG,NR,NA,A,MYR_COR,Primulaceae,Myrsine,coriacea,ZOO,Early,<5,5,0,30.45833333
SG,NR,NA,A,PSI_GUA,Myrtaceae,Psidium,guajava,ZOO,Early,<5,2,0,30.45833333
SG,NR,NA,A,SEN_PAP,Fabaceae,Senna,papillosa,ZOO,Early,<5,4,0,30.45833333
SG,NR,NA,A,VER_TAP,Asteraceae,Verbesina,tapantiana,WIND,Early,<5,15,0,30.45833333
SG,NR,NA,A,VIS_BAC,Hypericaceae,Vismia,baccifera,ZOO,Early,<5,3,0,30.45833333
SG,NR,NA,B,CEC_OBT,Urticaceae,Cecropia,obtusifolia,ZOO,Early,<5,14,0,56.3125
SG,NR,NA,B,CEC_PEL,Urticaceae,Cecropia,peltata,ZOO,Both,<5,41,0,56.3125
SG,NR,NA,B,CON_XAL,Melastomataceae,Conostegia,xalapensis,ZOO,Early,<5,3479,0,56.3125
SG,NR,NA,B,CRO_DRA,Euphorbiaceae,Croton,draco,ZOO,Early,<5,110,0,56.3125
SG,NR,NA,B,ERY_POE,Fabaceae,Erythrina,poeppigiana,WIND,NA,>5,22,0,56.3125
SG,NR,NA,B,HEL_APP,Malvaceae,Heliocarpus,appendiculatus,WIND,Early,<5,1077,0,56.3125
SG,NR,NA,B,KOA_PIT,Asteraceae,Koanophyllon,pittieri,WIND,Early,<5,33,0,56.3125
SG,NR,NA,B,LIP_MYR,Verbenaceae,Lippia,myriocephala,WIND,Early,<5,196,0,56.3125
SG,NR,NA,B,MIC_TRI,Melastomataceae,Miconia,trinervia,ZOO,Early,<5,39,0,56.3125
SG,NR,NA,B,MYR_COR,Primulaceae,Myrsine,coriacea,ZOO,Early,<5,24,0,56.3125
SG,NR,NA,B,PSI_GUA,Myrtaceae,Psidium,guajava,ZOO,Early,<5,11,0,56.3125
SG,NR,NA,B,TER_AMA,Combretaceae,Terminalia,amazonia,WIND,Late,<5,1,0,56.3125
SG,NR,NA,B,VIS_BAC,Hypericaceae,Vismia,baccifera,ZOO,Early,<5,2,0,56.3125
SG,NR,NA,C,CEC_OBT,Urticaceae,Cecropia,obtusifolia,ZOO,Early,<5,22,0,60.39583333
SG,NR,NA,C,CEC_PEL,Urticaceae,Cecropia,peltata,ZOO,Both,<5,7,0,60.39583333
SG,NR,NA,C,CON_XAL,Melastomataceae,Conostegia,xalapensis,ZOO,Early,<5,664,0,60.39583333
SG,NR,NA,C,CRO_DRA,Euphorbiaceae,Croton,draco,ZOO,Early,<5,1,0,60.39583333
SG,NR,NA,C,ERY_POE,Fabaceae,Erythrina,poeppigiana,WIND,NA,>5,6,0,60.39583333
SG,NR,NA,C,HEL_APP,Malvaceae,Heliocarpus,appendiculatus,WIND,Early,<5,459,0,60.39583333
SG,NR,NA,C,KOA_PIT,Asteraceae,Koanophyllon,pittieri,WIND,Early,<5,26,0,60.39583333
SG,NR,NA,C,LIP_MYR,Verbenaceae,Lippia,myriocephala,WIND,Early,<5,1505,0,60.39583333
SG,NR,NA,C,MIC_TRI,Melastomataceae,Miconia,trinervia,ZOO,Early,<5,8,0,60.39583333
SG,NR,NA,C,MYR_COR,Primulaceae,Myrsine,coriacea,ZOO,Early,<5,7,0,60.39583333
SG,NR,NA,C,VIS_BAC,Hypericaceae,Vismia,baccifera,ZOO,Early,<5,2,0,60.39583333
SG,NR,NA,D,ALC_LAT,Euphorbiaceae,Alchornea,latifolia,ZOO,Early,<5,1,0,90.89583333
SG,NR,NA,D,CEC_OBT,Urticaceae,Cecropia,obtusifolia,ZOO,Early,<5,144,0,90.89583333
SG,NR,NA,D,CEC_PEL,Urticaceae,Cecropia,peltata,ZOO,Both,<5,323,0,90.89583333
SG,NR,NA,D,CON_XAL,Melastomataceae,Conostegia,xalapensis,ZOO,Early,<5,868,2,90.89583333
SG,NR,NA,D,COR_ERI,Boraginaceae,Cordia,eriostigma,ZOO,Late,>5,1,0,90.89583333
SG,NR,NA,D,CRO_DRA,Euphorbiaceae,Croton,draco,ZOO,Early,<5,12,0,90.89583333
SG,NR,NA,D,ERY_POE,Fabaceae,Erythrina,poeppigiana,WIND,NA,>5,27,29,90.89583333
SG,NR,NA,D,HEL_APP,Malvaceae,Heliocarpus,appendiculatus,WIND,Early,<5,1237,0,90.89583333
SG,NR,NA,D,KOA_PIT,Asteraceae,Koanophyllon,pittieri,WIND,Early,<5,55,0,90.89583333
SG,NR,NA,D,LIP_MYR,Verbenaceae,Lippia,myriocephala,WIND,Early,<5,473,0,90.89583333
SG,NR,NA,D,MIC_SCH,Melastomataceae,Miconia,schlimii,ZOO,Early,<5,20,0,90.89583333
SG,NR,NA,D,MIC_TRI,Melastomataceae,Miconia,trinervia,ZOO,Early,<5,9,0,90.89583333
SG,NR,NA,D,MYR_COR,Primulaceae,Myrsine,coriacea,ZOO,Early,<5,504,0,90.89583333
SG,NR,NA,D,PAL_PAD,Rubiaceae,Palicourea,padifolia,ZOO,Both,<5,1,0,90.89583333
SG,NR,NA,D,PSI_GUA,Myrtaceae,Psidium,guajava,ZOO,Early,<5,788,0,90.89583333
SG,NR,NA,D,VIB_COS,Adoxaceae,Viburnum,costaricanum,ZOO,Both,<5,1,0,90.89583333
SG,NR,NA,D,VIS_BAC,Hypericaceae,Vismia,baccifera,ZOO,Early,<5,85,0,90.89583333
SG,AN,L,A,AEG_VAL,Lamiaceae,Aegiphila,valerioi,ZOO,Late,<5,1,0,82.41666667
SG,AN,L,A,ALC_LAT,Euphorbiaceae,Alchornea,latifolia,ZOO,Early,<5,2,0,82.41666667
SG,AN,L,A,ALL_PSI,Sapindaceae,Allophylus,psilospermus,ZOO,Late,>5,1,0,82.41666667
SG,AN,L,A,CEC_OBT,Urticaceae,Cecropia,obtusifolia,ZOO,Early,<5,686,0,82.41666667
SG,AN,L,A,CEC_PEL,Urticaceae,Cecropia,peltata,ZOO,Both,<5,178,0,82.41666667
SG,AN,L,A,CON_XAL,Melastomataceae,Conostegia,xalapensis,ZOO,Early,<5,49,0,82.41666667
SG,AN,L,A,ERY_POE,Fabaceae,Erythrina,poeppigiana,WIND,NA,>5,14,0,82.41666667
SG,AN,L,A,FIC_AME,Moraceae,Ficus,americana,ZOO,Both,<5,15,0,82.41666667
SG,AN,L,A,FIC_COL,Moraceae,Ficus,colubrinae,ZOO,Both,<5,11,0,82.41666667
SG,AN,L,A,HEL_APP,Malvaceae,Heliocarpus,appendiculatus,WIND,Early,<5,905,0,82.41666667
SG,AN,L,A,KOA_PIT,Asteraceae,Koanophyllon,pittieri,WIND,Early,<5,2,0,82.41666667
SG,AN,L,A,LIP_MYR,Verbenaceae,Lippia,myriocephala,WIND,Early,<5,6,0,82.41666667
SG,AN,L,A,MIC_SCH,Melastomataceae,Miconia,schlimii,ZOO,Early,<5,265,0,82.41666667
SG,AN,L,A,MIC_TRI,Melastomataceae,Miconia,trinervia,ZOO,Early,<5,9,0,82.41666667
SG,AN,L,A,MYR_COR,Primulaceae,Myrsine,coriacea,ZOO,Early,<5,39,0,82.41666667
SG,AN,L,A,PAL_PAD,Rubiaceae,Palicourea,padifolia,ZOO,Both,<5,2,0,82.41666667
SG,AN,L,A,PSI_GUA,Myrtaceae,Psidium,guajava,ZOO,Early,<5,153,0,82.41666667
SG,AN,L,A,TER_AMA,Combretaceae,Terminalia,amazonia,WIND,Late,<5,2,0,82.41666667
SG,AN,L,A,VIS_BAC,Hypericaceae,Vismia,baccifera,ZOO,Early,<5,7,0,82.41666667
SG,AN,L,B,ALC_LAT,Euphorbiaceae,Alchornea,latifolia,ZOO,Early,<5,1,0,94.33333333
SG,AN,L,B,CEC_OBT,Urticaceae,Cecropia,obtusifolia,ZOO,Early,<5,21184,0,94.33333333
SG,AN,L,B,CEC_PEL,Urticaceae,Cecropia,peltata,ZOO,Both,<5,73,0,94.33333333
SG,AN,L,B,CON_XAL,Melastomataceae,Conostegia,xalapensis,ZOO,Early,<5,104,0,94.33333333
SG,AN,L,B,COR_ERI,Boraginaceae,Cordia,eriostigma,ZOO,Late,>5,3,0,94.33333333
SG,AN,L,B,DEN_SES,Araliaceae,Dendropanax,sessiliflorus,ZOO,Both,<5,8,0,94.33333333
SG,AN,L,B,ERY_POE,Fabaceae,Erythrina,poeppigiana,WIND,NA,>5,23,8,94.33333333
SG,AN,L,B,FIC_COL,Moraceae,Ficus,colubrinae,ZOO,Both,<5,34,0,94.33333333
SG,AN,L,B,FIC_HAR,Moraceae,Ficus,hartwegii,ZOO,Both,<5,3,0,94.33333333
SG,AN,L,B,GUA_DOL,Annonaceae,Guatteria,dolichopoda,ZOO,Late,<5,2,0,94.33333333
SG,AN,L,B,HEL_APP,Malvaceae,Heliocarpus,appendiculatus,WIND,Early,<5,112,0,94.33333333
SG,AN,L,B,KOA_PIT,Asteraceae,Koanophyllon,pittieri,WIND,Early,<5,1,0,94.33333333
SG,AN,L,B,LIP_MYR,Verbenaceae,Lippia,myriocephala,WIND,Early,<5,4,0,94.33333333
SG,AN,L,B,MIC_SCH,Melastomataceae,Miconia,schlimii,ZOO,Early,<5,1455,0,94.33333333
SG,AN,L,B,MIC_TRI,Melastomataceae,Miconia,trinervia,ZOO,Early,<5,117,0,94.33333333
SG,AN,L,B,MYR_COR,Primulaceae,Myrsine,coriacea,ZOO,Early,<5,82,0,94.33333333
SG,AN,L,B,PAL_PAD,Rubiaceae,Palicourea,padifolia,ZOO,Both,<5,1,0,94.33333333
SG,AN,L,B,PSI_GUA,Myrtaceae,Psidium,guajava,ZOO,Early,<5,31,0,94.33333333
SG,AN,L,B,SEN_PAP,Fabaceae,Senna,papillosa,ZOO,Early,<5,4,0,94.33333333
SG,AN,L,B,TER_AMA,Combretaceae,Terminalia,amazonia,WIND,Late,<5,39,0,94.33333333
SG,AN,L,B,VIB_COS,Adoxaceae,Viburnum,costaricanum,ZOO,Both,<5,1,0,94.33333333
SG,AN,L,B,VIS_BAC,Hypericaceae,Vismia,baccifera,ZOO,Early,<5,2,0,94.33333333
SG,AN,M,C,CEC_OBT,Urticaceae,Cecropia,obtusifolia,ZOO,Early,<5,5406,0,88.68333333
SG,AN,M,C,CEC_PEL,Urticaceae,Cecropia,peltata,ZOO,Both,<5,234,0,88.68333333
SG,AN,M,C,CON_XAL,Melastomataceae,Conostegia,xalapensis,ZOO,Early,<5,85,0,88.68333333
SG,AN,M,C,ERY_POE,Fabaceae,Erythrina,poeppigiana,WIND,NA,>5,15,3,88.68333333
SG,AN,M,C,FIC_COL,Moraceae,Ficus,colubrinae,ZOO,Both,<5,7,0,88.68333333
SG,AN,M,C,GUA_DOL,Annonaceae,Guatteria,dolichopoda,ZOO,Late,<5,1,0,88.68333333
SG,AN,M,C,HEL_APP,Malvaceae,Heliocarpus,appendiculatus,WIND,Early,<5,926,0,88.68333333
SG,AN,M,C,ING_EDU,Fabaceae,Inga,edulis,ZOO,Late,>5,7,2,88.68333333
SG,AN,M,C,MIC_SCH,Melastomataceae,Miconia,schlimii,ZOO,Early,<5,38,0,88.68333333
SG,AN,M,C,MIC_TRI,Melastomataceae,Miconia,trinervia,ZOO,Early,<5,13,0,88.68333333
SG,AN,M,C,MYR_COR,Primulaceae,Myrsine,coriacea,ZOO,Early,<5,85,0,88.68333333
SG,AN,M,C,PSI_GUA,Myrtaceae,Psidium,guajava,ZOO,Early,<5,17,0,88.68333333
SG,AN,M,C,TER_AMA,Combretaceae,Terminalia,amazonia,WIND,Late,<5,3,0,88.68333333
SG,AN,M,C,VIS_BAC,Hypericaceae,Vismia,baccifera,ZOO,Early,<5,1,0,88.68333333
SG,AN,M,D,ALC_LAT,Euphorbiaceae,Alchornea,latifolia,ZOO,Early,<5,2,0,92.18333333
SG,AN,M,D,CEC_OBT,Urticaceae,Cecropia,obtusifolia,ZOO,Early,<5,608,1,92.18333333
SG,AN,M,D,CEC_PEL,Urticaceae,Cecropia,peltata,ZOO,Both,<5,22,0,92.18333333
SG,AN,M,D,CON_XAL,Melastomataceae,Conostegia,xalapensis,ZOO,Early,<5,83,0,92.18333333
SG,AN,M,D,ERY_POE,Fabaceae,Erythrina,poeppigiana,WIND,NA,>5,54,12,92.18333333
SG,AN,M,D,FIC_AME,Moraceae,Ficus,americana,ZOO,Both,<5,7,0,92.18333333
SG,AN,M,D,FIC_COL,Moraceae,Ficus,colubrinae,ZOO,Both,<5,100,0,92.18333333
SG,AN,M,D,HAM_APP,Malvaceae,Hampea,appendiculata,ZOO,Early,<5,1,0,92.18333333
SG,AN,M,D,HEL_APP,Malvaceae,Heliocarpus,appendiculatus,WIND,Early,<5,111,0,92.18333333
SG,AN,M,D,ING_EDU,Fabaceae,Inga,edulis,ZOO,Late,>5,8,1,92.18333333
SG,AN,M,D,LIP_MYR,Verbenaceae,Lippia,myriocephala,WIND,Early,<5,14,0,92.18333333
SG,AN,M,D,MIC_SCH,Melastomataceae,Miconia,schlimii,ZOO,Early,<5,30,0,92.18333333
SG,AN,M,D,MIC_TRI,Melastomataceae,Miconia,trinervia,ZOO,Early,<5,20,1,92.18333333
SG,AN,M,D,MYR_COR,Primulaceae,Myrsine,coriacea,ZOO,Early,<5,54,0,92.18333333
SG,AN,M,D,PAL_PAD,Rubiaceae,Palicourea,padifolia,ZOO,Both,<5,6,0,92.18333333
SG,AN,M,D,PSI_GUA,Myrtaceae,Psidium,guajava,ZOO,Early,<5,3,0,92.18333333
SG,AN,M,D,TER_AMA,Combretaceae,Terminalia,amazonia,WIND,Late,<5,4,0,92.18333333
SG,AN,M,D,VIB_COS,Adoxaceae,Viburnum,costaricanum,ZOO,Both,<5,1,0,92.18333333
SG,AN,M,D,VIS_BAC,Hypericaceae,Vismia,baccifera,ZOO,Early,<5,12,0,92.18333333
SG,P,NA,A,ALC_LAT,Euphorbiaceae,Alchornea,latifolia,ZOO,Early,<5,1,0,95.66666667
SG,P,NA,A,CEC_OBT,Urticaceae,Cecropia,obtusifolia,ZOO,Early,<5,357,0,95.66666667
SG,P,NA,A,CEC_PEL,Urticaceae,Cecropia,peltata,ZOO,Both,<5,26,0,95.66666667
SG,P,NA,A,CON_XAL,Melastomataceae,Conostegia,xalapensis,ZOO,Early,<5,19,0,95.66666667
SG,P,NA,A,ERY_POE,Fabaceae,Erythrina,poeppigiana,WIND,NA,>5,4,1,95.66666667
SG,P,NA,A,HEL_APP,Malvaceae,Heliocarpus,appendiculatus,WIND,Early,<5,43,0,95.66666667
SG,P,NA,A,ING_EDU,Fabaceae,Inga,edulis,ZOO,Late,>5,18,0,95.66666667
SG,P,NA,A,KOA_PIT,Asteraceae,Koanophyllon,pittieri,WIND,Early,<5,4,0,95.66666667
SG,P,NA,A,LIP_MYR,Verbenaceae,Lippia,myriocephala,WIND,Early,<5,10,0,95.66666667
SG,P,NA,A,MIC_TRI,Melastomataceae,Miconia,trinervia,ZOO,Early,<5,1,0,95.66666667
SG,P,NA,A,MYR_COR,Primulaceae,Myrsine,coriacea,ZOO,Early,<5,6,1,95.66666667
SG,P,NA,A,PSI_GUA,Myrtaceae,Psidium,guajava,ZOO,Early,<5,22,0,95.66666667
SG,P,NA,A,VIS_BAC,Hypericaceae,Vismia,baccifera,ZOO,Early,<5,3,0,95.66666667
SG,P,NA,B,AEG_VAL,Lamiaceae,Aegiphila,valerioi,ZOO,Late,<5,43,0,95.77083333
SG,P,NA,B,CEC_OBT,Urticaceae,Cecropia,obtusifolia,ZOO,Early,<5,1286,0,95.77083333
SG,P,NA,B,CEC_PEL,Urticaceae,Cecropia,peltata,ZOO,Both,<5,184,0,95.77083333
SG,P,NA,B,CON_XAL,Melastomataceae,Conostegia,xalapensis,ZOO,Early,<5,44,0,95.77083333
SG,P,NA,B,COR_ERI,Boraginaceae,Cordia,eriostigma,ZOO,Late,>5,4,0,95.77083333
SG,P,NA,B,CRO_DRA,Euphorbiaceae,Croton,draco,ZOO,Early,<5,1,0,95.77083333
SG,P,NA,B,ERY_POE,Fabaceae,Erythrina,poeppigiana,WIND,NA,>5,7,0,95.77083333
SG,P,NA,B,HEL_APP,Malvaceae,Heliocarpus,appendiculatus,WIND,Early,<5,52,0,95.77083333
SG,P,NA,B,ING_EDU,Fabaceae,Inga,edulis,ZOO,Late,>5,36,0,95.77083333
SG,P,NA,B,LIP_MYR,Verbenaceae,Lippia,myriocephala,WIND,Early,<5,8,0,95.77083333
SG,P,NA,B,MIC_TRI,Melastomataceae,Miconia,trinervia,ZOO,Early,<5,5,0,95.77083333
SG,P,NA,B,MYR_COR,Primulaceae,Myrsine,coriacea,ZOO,Early,<5,8,0,95.77083333
SG,P,NA,B,PSI_GUA,Myrtaceae,Psidium,guajava,ZOO,Early,<5,2,0,95.77083333
SG,P,NA,B,VIS_BAC,Hypericaceae,Vismia,baccifera,ZOO,Early,<5,7,0,95.77083333
SG,P,NA,C,AEG_VAL,Lamiaceae,Aegiphila,valerioi,ZOO,Late,<5,2,0,95.22916667
SG,P,NA,C,ALC_LAT,Euphorbiaceae,Alchornea,latifolia,ZOO,Early,<5,1,0,95.22916667
SG,P,NA,C,CEC_OBT,Urticaceae,Cecropia,obtusifolia,ZOO,Early,<5,698,0,95.22916667
SG,P,NA,C,CEC_PEL,Urticaceae,Cecropia,peltata,ZOO,Both,<5,56,0,95.22916667
SG,P,NA,C,CON_XAL,Melastomataceae,Conostegia,xalapensis,ZOO,Early,<5,3,0,95.22916667
SG,P,NA,C,COR_ERI,Boraginaceae,Cordia,eriostigma,ZOO,Late,>5,1,0,95.22916667
SG,P,NA,C,ERY_POE,Fabaceae,Erythrina,poeppigiana,WIND,NA,>5,3,0,95.22916667
SG,P,NA,C,FIC_AME,Moraceae,Ficus,americana,ZOO,Both,<5,1,0,95.22916667
SG,P,NA,C,HEL_APP,Malvaceae,Heliocarpus,appendiculatus,WIND,Early,<5,105,0,95.22916667
SG,P,NA,C,ING_EDU,Fabaceae,Inga,edulis,ZOO,Late,>5,15,0,95.22916667
SG,P,NA,C,KOA_PIT,Asteraceae,Koanophyllon,pittieri,WIND,Early,<5,2,0,95.22916667
SG,P,NA,C,LIP_MYR,Verbenaceae,Lippia,myriocephala,WIND,Early,<5,7,0,95.22916667
SG,P,NA,C,MIC_TRI,Melastomataceae,Miconia,trinervia,ZOO,Early,<5,13,0,95.22916667
SG,P,NA,C,MYR_COR,Primulaceae,Myrsine,coriacea,ZOO,Early,<5,15,0,95.22916667
SG,P,NA,C,PSI_GUA,Myrtaceae,Psidium,guajava,ZOO,Early,<5,104,0,95.22916667
SG,P,NA,C,TER_AMA,Combretaceae,Terminalia,amazonia,WIND,Late,<5,1,0,95.22916667
SG,P,NA,C,VIS_BAC,Hypericaceae,Vismia,baccifera,ZOO,Early,<5,2,0,95.22916667
SG,P,NA,D,AEG_VAL,Lamiaceae,Aegiphila,valerioi,ZOO,Late,<5,2,0,92.72916667
SG,P,NA,D,ALC_LAT,Euphorbiaceae,Alchornea,latifolia,ZOO,Early,<5,1,0,92.72916667
SG,P,NA,D,CEC_OBT,Urticaceae,Cecropia,obtusifolia,ZOO,Early,<5,277,0,92.72916667
SG,P,NA,D,CEC_PEL,Urticaceae,Cecropia,peltata,ZOO,Both,<5,385,0,92.72916667
SG,P,NA,D,CON_XAL,Melastomataceae,Conostegia,xalapensis,ZOO,Early,<5,14,0,92.72916667
SG,P,NA,D,COR_ERI,Boraginaceae,Cordia,eriostigma,ZOO,Late,>5,4,0,92.72916667
SG,P,NA,D,ERY_POE,Fabaceae,Erythrina,poeppigiana,WIND,NA,>5,6,2,92.72916667
SG,P,NA,D,HEL_APP,Malvaceae,Heliocarpus,appendiculatus,WIND,Early,<5,534,0,92.72916667
SG,P,NA,D,ING_EDU,Fabaceae,Inga,edulis,ZOO,Late,>5,5,0,92.72916667
SG,P,NA,D,KOA_PIT,Asteraceae,Koanophyllon,pittieri,WIND,Early,<5,1,0,92.72916667
SG,P,NA,D,LIP_MYR,Verbenaceae,Lippia,myriocephala,WIND,Early,<5,5,0,92.72916667
SG,P,NA,D,MIC_TRI,Melastomataceae,Miconia,trinervia,ZOO,Early,<5,3,0,92.72916667
SG,P,NA,D,MYR_COR,Primulaceae,Myrsine,coriacea,ZOO,Early,<5,7,0,92.72916667
SG,P,NA,D,PSI_GUA,Myrtaceae,Psidium,guajava,ZOO,Early,<5,10,0,92.72916667
SG,P,NA,D,VIS_BAC,Hypericaceae,Vismia,baccifera,ZOO,Early,<5,6,0,92.72916667